#
# There is insufficient memory for the Java Runtime Environment to continue.
# Native memory allocation (malloc) failed to allocate 1437776 bytes. Error detail: Chunk::new
# Possible reasons:
#   The system is out of physical RAM or swap space
#   This process is running with CompressedOops enabled, and the Java Heap may be blocking the growth of the native heap
# Possible solutions:
#   Reduce memory load on the system
#   Increase physical memory or swap space
#   Check if swap backing store is full
#   Decrease Java heap size (-Xmx/-Xms)
#   Decrease number of Java threads
#   Decrease Java thread stack sizes (-Xss)
#   Set larger code cache with -XX:ReservedCodeCacheSize=
#   JVM is running with Zero Based Compressed Oops mode in which the Java heap is
#     placed in the first 32GB address space. The Java Heap base address is the
#     maximum limit for the native heap growth. Please use -XX:HeapBaseMinAddress
#     to set the Java Heap base and to place the Java Heap above 32GB virtual address.
# This output file may be truncated or incomplete.
#
#  Out of Memory Error (arena.cpp:168), pid=25676, tid=46008
#
# JRE version: OpenJDK Runtime Environment Temurin-21.0.10+7 (21.0.10+7) (build 21.0.10+7-LTS)
# Java VM: OpenJDK 64-Bit Server VM Temurin-21.0.10+7 (21.0.10+7-LTS, mixed mode, sharing, tiered, compressed oops, compressed class ptrs, g1 gc, windows-amd64)
# No core dump will be written. Minidumps are not enabled by default on client versions of Windows
#

---------------  S U M M A R Y ------------

Command Line: --add-opens=java.base/java.lang=ALL-UNNAMED --add-opens=java.base/java.lang.invoke=ALL-UNNAMED --add-opens=java.base/java.util=ALL-UNNAMED --add-opens=java.prefs/java.util.prefs=ALL-UNNAMED --add-exports=jdk.compiler/com.sun.tools.javac.api=ALL-UNNAMED --add-exports=jdk.compiler/com.sun.tools.javac.util=ALL-UNNAMED --add-opens=java.base/java.util=ALL-UNNAMED --add-opens=java.prefs/java.util.prefs=ALL-UNNAMED --add-opens=java.base/java.nio.charset=ALL-UNNAMED --add-opens=java.base/java.net=ALL-UNNAMED --add-opens=java.base/java.util.concurrent.atomic=ALL-UNNAMED --add-opens=java.xml/javax.xml.namespace=ALL-UNNAMED -Xmx4096m -Dfile.encoding=UTF-8 -Duser.country=JP -Duser.language=ja -Duser.variant -javaagent:C:\Users\doluvor\.gradle\wrapper\dists\gradle-8.14.3-bin\cv11ve7ro1n3o1j4so8xd9n66\gradle-8.14.3\lib\agents\gradle-instrumentation-agent-8.14.3.jar org.gradle.launcher.daemon.bootstrap.GradleDaemon 8.14.3

Host: 12th Gen Intel(R) Core(TM) i3-12100F, 8 cores, 31G,  Windows 10 , 64 bit Build 19041 (10.0.19041.5915)
Time: Sat Mar 28 21:09:11 2026 elapsed time: 173.465015 seconds (0d 0h 2m 53s)

---------------  T H R E A D  ---------------

Current thread (0x000001d050530050):  JavaThread "C2 CompilerThread0" daemon [_thread_in_native, id=46008, stack(0x0000003d18c00000,0x0000003d18d00000) (1024K)]


Current CompileTask:
C2:173465 86552       4       com.android.zipflinger.ZipArchive::writeSource (205 bytes)

Stack: [0x0000003d18c00000,0x0000003d18d00000]
Native frames: (J=compiled Java code, j=interpreted, Vv=VM code, C=native code)
V  [jvm.dll+0x6d7a39]
V  [jvm.dll+0x8b4b26]
V  [jvm.dll+0x8b70de]
V  [jvm.dll+0x8b77c3]
V  [jvm.dll+0x284346]
V  [jvm.dll+0xc66ed]
V  [jvm.dll+0xc6c31]
V  [jvm.dll+0x3bec01]
V  [jvm.dll+0x38b162]
V  [jvm.dll+0x38a5aa]
V  [jvm.dll+0x24c560]
V  [jvm.dll+0x24bb40]
V  [jvm.dll+0x1cb34e]
V  [jvm.dll+0x25b85d]
V  [jvm.dll+0x259dea]
V  [jvm.dll+0x3f857e]
V  [jvm.dll+0x85f59d]
V  [jvm.dll+0x6d626d]
C  [ucrtbase.dll+0x21bb2]
C  [KERNEL32.DLL+0x17374]
C  [ntdll.dll+0x4cc91]


---------------  P R O C E S S  ---------------

Threads class SMR info:
_java_thread_list=0x000001d0c2c1b540, length=179, elements={
0x000001d0313a3050, 0x000001d0505297c0, 0x000001d05052a830, 0x000001d05052d3a0,
0x000001d05052de00, 0x000001d05052e860, 0x000001d05052f2c0, 0x000001d050530050,
0x000001d050530af0, 0x000001d050bec240, 0x000001d050bf5f20, 0x000001d097cf8e80,
0x000001d097d53690, 0x000001d097d3eea0, 0x000001d097d070d0, 0x000001d097fa9270,
0x000001d097e2e220, 0x000001d097e6a810, 0x000001d097e68740, 0x000001d097e6bbc0,
0x000001d097e69460, 0x000001d097e69af0, 0x000001d097e68dd0, 0x000001d097e6aea0,
0x000001d097e6b530, 0x000001d09855f540, 0x000001d0985592d0, 0x000001d09855c750,
0x000001d09855a680, 0x000001d09855eeb0, 0x000001d09855cde0, 0x000001d098559ff0,
0x000001d09855ad10, 0x000001d09855e190, 0x000001d09855fbd0, 0x000001d09cb047d0,
0x000001d09cb03420, 0x000001d09cb06210, 0x000001d09cb068a0, 0x000001d09cb06f30,
0x000001d09cb05b80, 0x000001d09cb04e60, 0x000001d09cb075c0, 0x000001d09cb09000,
0x000001d09cb054f0, 0x000001d09cb07c50, 0x000001d09cb02070, 0x000001d09cb082e0,
0x000001d09cb08970, 0x000001d09cb09690, 0x000001d09cb03ab0, 0x000001d09cb02700,
0x000001d09cb02d90, 0x000001d09cb04140, 0x000001d09cb20470, 0x000001d09cb22bd0,
0x000001d09cb259c0, 0x000001d09cb26d70, 0x000001d09cb27400, 0x000001d09cb21190,
0x000001d09611f3b0, 0x000001d096122830, 0x000001d09611e690, 0x000001d09611b8a0,
0x000001d09611fa40, 0x000001d09611c5c0, 0x000001d09611e000, 0x000001d096121480,
0x000001d09611cc50, 0x000001d09611ed20, 0x000001d0961200d0, 0x000001d096122ec0,
0x000001d0961221a0, 0x000001d09611bf30, 0x000001d09611d2e0, 0x000001d09611d970,
0x000001d096120760, 0x000001d096120df0, 0x000001d096121b10, 0x000001d09cb23260,
0x000001d09cb20b00, 0x000001d09cb24ca0, 0x000001d0961381f0, 0x000001d096138880,
0x000001d0961346e0, 0x000001d0961395a0, 0x000001d096139c30, 0x000001d096135a90,
0x000001d096135400, 0x000001d096136120, 0x000001d0961367b0, 0x000001d09613a2c0,
0x000001d096136e40, 0x000001d09613a950, 0x000001d0961374d0, 0x000001d0961339c0,
0x000001d09613afe0, 0x000001d096137b60, 0x000001d096134d70, 0x000001d09cb266e0,
0x000001d096d58130, 0x000001d096d57aa0, 0x000001d096d56060, 0x000001d096d56d80,
0x000001d096d587c0, 0x000001d0972c75b0, 0x000001d0972c7c40, 0x000001d0972c2060,
0x000001d0972c6200, 0x000001d0972c3410, 0x000001d0972c47c0, 0x000001d0972c5b70,
0x000001d0972c82d0, 0x000001d0972c54e0, 0x000001d0972c6890, 0x000001d0972c26f0,
0x000001d0972c1340, 0x000001d0972c19d0, 0x000001d097859100, 0x000001d09785d930,
0x000001d09785b860, 0x000001d09785cc10, 0x000001d097859e20, 0x000001d0978583e0,
0x000001d0972c6f20, 0x000001d09785a4b0, 0x000001d09785ab40, 0x000001d096d57410,
0x000001d096d58e50, 0x000001d0972c4130, 0x000001d0972c4e50, 0x000001d09cb21eb0,
0x000001d09b52e570, 0x000001d09af5ba50, 0x000001d09af578b0, 0x000001d09af585d0,
0x000001d09af59980, 0x000001d09af592f0, 0x000001d09c4834d0, 0x000001d09c4841f0,
0x000001d09c484880, 0x000001d09cb22540, 0x000001d096138f10, 0x000001d09d364d10,
0x000001d09b536f40, 0x000001d09af5ce00, 0x000001d09af56500, 0x000001d09af61630,
0x000001d09af61cc0, 0x000001d09af5db20, 0x000001d09af60910, 0x000001d09af5e1b0,
0x000001d09d362c40, 0x000001d09deecbb0, 0x000001d09deec520, 0x000001d09deed240,
0x000001d09deedf60, 0x000001d09deeb170, 0x000001d09deebe90, 0x000001d09def5c10,
0x000001d09def4ef0, 0x000001d09def7ce0, 0x000001d09def62a0, 0x000001d09785dfc0,
0x000001d0a31832c0, 0x000001d0a3806b10, 0x000001d09b5382f0, 0x000001d09b532da0,
0x000001d0a3198800, 0x000001d09b536220, 0x000001d09c48a460, 0x000001d09c488390,
0x000001d09c48aaf0, 0x000001d09af5a6a0, 0x000001d09d361f20, 0x000001d0a5caa2d0,
0x000001d0c2e62840, 0x000001d0a5dec4a0, 0x000001d0a5de94f0
}

Java Threads: ( => current thread )
  0x000001d0313a3050 JavaThread "main"                              [_thread_blocked, id=66128, stack(0x0000003d17e00000,0x0000003d17f00000) (1024K)]
  0x000001d0505297c0 JavaThread "Reference Handler"          daemon [_thread_blocked, id=27400, stack(0x0000003d18600000,0x0000003d18700000) (1024K)]
  0x000001d05052a830 JavaThread "Finalizer"                  daemon [_thread_blocked, id=51848, stack(0x0000003d18700000,0x0000003d18800000) (1024K)]
  0x000001d05052d3a0 JavaThread "Signal Dispatcher"          daemon [_thread_blocked, id=72096, stack(0x0000003d18800000,0x0000003d18900000) (1024K)]
  0x000001d05052de00 JavaThread "Attach Listener"            daemon [_thread_blocked, id=80436, stack(0x0000003d18900000,0x0000003d18a00000) (1024K)]
  0x000001d05052e860 JavaThread "Service Thread"             daemon [_thread_blocked, id=63160, stack(0x0000003d18a00000,0x0000003d18b00000) (1024K)]
  0x000001d05052f2c0 JavaThread "Monitor Deflation Thread"   daemon [_thread_blocked, id=34404, stack(0x0000003d18b00000,0x0000003d18c00000) (1024K)]
=>0x000001d050530050 JavaThread "C2 CompilerThread0"         daemon [_thread_in_native, id=46008, stack(0x0000003d18c00000,0x0000003d18d00000) (1024K)]
  0x000001d050530af0 JavaThread "C1 CompilerThread0"         daemon [_thread_blocked, id=23164, stack(0x0000003d18d00000,0x0000003d18e00000) (1024K)]
  0x000001d050bec240 JavaThread "Common-Cleaner"             daemon [_thread_blocked, id=19992, stack(0x0000003d18e00000,0x0000003d18f00000) (1024K)]
  0x000001d050bf5f20 JavaThread "Notification Thread"        daemon [_thread_blocked, id=34368, stack(0x0000003d18f00000,0x0000003d19000000) (1024K)]
  0x000001d097cf8e80 JavaThread "Daemon health stats"               [_thread_blocked, id=25960, stack(0x0000003d19900000,0x0000003d19a00000) (1024K)]
  0x000001d097d53690 JavaThread "Incoming local TCP Connector on port 59323"        [_thread_in_native, id=87636, stack(0x0000003d19a00000,0x0000003d19b00000) (1024K)]
  0x000001d097d3eea0 JavaThread "Daemon periodic checks"            [_thread_blocked, id=70140, stack(0x0000003d19b00000,0x0000003d19c00000) (1024K)]
  0x000001d097d070d0 JavaThread "Daemon"                            [_thread_blocked, id=14204, stack(0x0000003d19c00000,0x0000003d19d00000) (1024K)]
  0x000001d097fa9270 JavaThread "Handler for socket connection from /127.0.0.1:59323 to /127.0.0.1:59324"        [_thread_in_native, id=78828, stack(0x0000003d19d00000,0x0000003d19e00000) (1024K)]
  0x000001d097e2e220 JavaThread "Cancel handler"                    [_thread_blocked, id=21556, stack(0x0000003d19e00000,0x0000003d19f00000) (1024K)]
  0x000001d097e6a810 JavaThread "Daemon worker"                     [_thread_blocked, id=49584, stack(0x0000003d19f00000,0x0000003d1a000000) (1024K)]
  0x000001d097e68740 JavaThread "Asynchronous log dispatcher for DefaultDaemonConnection: socket connection from /127.0.0.1:59323 to /127.0.0.1:59324"        [_thread_blocked, id=40808, stack(0x0000003d1a000000,0x0000003d1a100000) (1024K)]
  0x000001d097e6bbc0 JavaThread "Stdin handler"                     [_thread_blocked, id=32964, stack(0x0000003d1a100000,0x0000003d1a200000) (1024K)]
  0x000001d097e69460 JavaThread "Daemon client event forwarder"        [_thread_blocked, id=74552, stack(0x0000003d1a200000,0x0000003d1a300000) (1024K)]
  0x000001d097e69af0 JavaThread "Cache worker for journal cache (C:\Users\doluvor\.gradle\caches\journal-1)"        [_thread_blocked, id=38504, stack(0x0000003d1a300000,0x0000003d1a400000) (1024K)]
  0x000001d097e68dd0 JavaThread "File lock request listener"        [_thread_in_native, id=88164, stack(0x0000003d1a400000,0x0000003d1a500000) (1024K)]
  0x000001d097e6aea0 JavaThread "Cache worker for file hash cache (C:\Users\doluvor\.gradle\caches\8.14.3\fileHashes)"        [_thread_blocked, id=42752, stack(0x0000003d1a500000,0x0000003d1a600000) (1024K)]
  0x000001d097e6b530 JavaThread "Cache worker for file hash cache (G:\Project\bv\.gradle\8.14.3\fileHashes)"        [_thread_blocked, id=18796, stack(0x0000003d1a700000,0x0000003d1a800000) (1024K)]
  0x000001d09855f540 JavaThread "Cache worker for Build Output Cleanup Cache (G:\Project\bv\.gradle\buildOutputCleanup)"        [_thread_blocked, id=77300, stack(0x0000003d1a800000,0x0000003d1a900000) (1024K)]
  0x000001d0985592d0 JavaThread "Cache worker for Build Output Cleanup Cache (G:\Project\bv\buildSrc\.gradle\buildOutputCleanup)"        [_thread_blocked, id=38160, stack(0x0000003d1a900000,0x0000003d1aa00000) (1024K)]
  0x000001d09855c750 JavaThread "File watcher server"        daemon [_thread_in_native, id=79076, stack(0x0000003d1aa00000,0x0000003d1ab00000) (1024K)]
  0x000001d09855a680 JavaThread "File watcher consumer"      daemon [_thread_blocked, id=28896, stack(0x0000003d1ab00000,0x0000003d1ac00000) (1024K)]
  0x000001d09855eeb0 JavaThread "Cache worker for checksums cache (G:\Project\bv\.gradle\8.14.3\checksums)"        [_thread_blocked, id=69120, stack(0x0000003d1ac00000,0x0000003d1ad00000) (1024K)]
  0x000001d09855cde0 JavaThread "Cache worker for file content cache (C:\Users\doluvor\.gradle\caches\8.14.3\fileContent)"        [_thread_blocked, id=51376, stack(0x0000003d1ad00000,0x0000003d1ae00000) (1024K)]
  0x000001d098559ff0 JavaThread "Cache worker for cache directory md-supplier (C:\Users\doluvor\.gradle\caches\8.14.3\md-supplier)"        [_thread_blocked, id=29148, stack(0x0000003d1ae00000,0x0000003d1af00000) (1024K)]
  0x000001d09855ad10 JavaThread "Cache worker for cache directory md-rule (C:\Users\doluvor\.gradle\caches\8.14.3\md-rule)"        [_thread_blocked, id=29384, stack(0x0000003d1af00000,0x0000003d1b000000) (1024K)]
  0x000001d09855e190 JavaThread "Memory manager"                    [_thread_blocked, id=23460, stack(0x0000003d1b000000,0x0000003d1b100000) (1024K)]
  0x000001d09855fbd0 JavaThread "Unconstrained build operations"        [_thread_blocked, id=9640, stack(0x0000003d1b100000,0x0000003d1b200000) (1024K)]
  0x000001d09cb047d0 JavaThread "Unconstrained build operations Thread 2"        [_thread_blocked, id=71372, stack(0x0000003d1b200000,0x0000003d1b300000) (1024K)]
  0x000001d09cb03420 JavaThread "Unconstrained build operations Thread 3"        [_thread_blocked, id=32360, stack(0x0000003d1b300000,0x0000003d1b400000) (1024K)]
  0x000001d09cb06210 JavaThread "Unconstrained build operations Thread 4"        [_thread_blocked, id=11636, stack(0x0000003d1b400000,0x0000003d1b500000) (1024K)]
  0x000001d09cb068a0 JavaThread "Unconstrained build operations Thread 5"        [_thread_blocked, id=38092, stack(0x0000003d1b500000,0x0000003d1b600000) (1024K)]
  0x000001d09cb06f30 JavaThread "Unconstrained build operations Thread 6"        [_thread_blocked, id=43512, stack(0x0000003d1b600000,0x0000003d1b700000) (1024K)]
  0x000001d09cb05b80 JavaThread "Unconstrained build operations Thread 7"        [_thread_blocked, id=73780, stack(0x0000003d1b700000,0x0000003d1b800000) (1024K)]
  0x000001d09cb04e60 JavaThread "Unconstrained build operations Thread 8"        [_thread_blocked, id=15848, stack(0x0000003d1b800000,0x0000003d1b900000) (1024K)]
  0x000001d09cb075c0 JavaThread "Unconstrained build operations Thread 9"        [_thread_blocked, id=36476, stack(0x0000003d1b900000,0x0000003d1ba00000) (1024K)]
  0x000001d09cb09000 JavaThread "Unconstrained build operations Thread 10"        [_thread_blocked, id=86652, stack(0x0000003d1ba00000,0x0000003d1bb00000) (1024K)]
  0x000001d09cb054f0 JavaThread "Unconstrained build operations Thread 11"        [_thread_blocked, id=69068, stack(0x0000003d1bb00000,0x0000003d1bc00000) (1024K)]
  0x000001d09cb07c50 JavaThread "Unconstrained build operations Thread 12"        [_thread_blocked, id=42388, stack(0x0000003d1bc00000,0x0000003d1bd00000) (1024K)]
  0x000001d09cb02070 JavaThread "Unconstrained build operations Thread 13"        [_thread_blocked, id=66612, stack(0x0000003d1bd00000,0x0000003d1be00000) (1024K)]
  0x000001d09cb082e0 JavaThread "Unconstrained build operations Thread 14"        [_thread_blocked, id=29392, stack(0x0000003d1be00000,0x0000003d1bf00000) (1024K)]
  0x000001d09cb08970 JavaThread "Unconstrained build operations Thread 15"        [_thread_blocked, id=42728, stack(0x0000003d1bf00000,0x0000003d1c000000) (1024K)]
  0x000001d09cb09690 JavaThread "Unconstrained build operations Thread 16"        [_thread_blocked, id=38368, stack(0x0000003d1c000000,0x0000003d1c100000) (1024K)]
  0x000001d09cb03ab0 JavaThread "Unconstrained build operations Thread 17"        [_thread_blocked, id=27728, stack(0x0000003d1c100000,0x0000003d1c200000) (1024K)]
  0x000001d09cb02700 JavaThread "Unconstrained build operations Thread 18"        [_thread_blocked, id=25108, stack(0x0000003d1c200000,0x0000003d1c300000) (1024K)]
  0x000001d09cb02d90 JavaThread "Unconstrained build operations Thread 19"        [_thread_blocked, id=82516, stack(0x0000003d1c300000,0x0000003d1c400000) (1024K)]
  0x000001d09cb04140 JavaThread "Unconstrained build operations Thread 20"        [_thread_blocked, id=52796, stack(0x0000003d1c400000,0x0000003d1c500000) (1024K)]
  0x000001d09cb20470 JavaThread "Unconstrained build operations Thread 21"        [_thread_blocked, id=13712, stack(0x0000003d1c500000,0x0000003d1c600000) (1024K)]
  0x000001d09cb22bd0 JavaThread "build event listener"              [_thread_blocked, id=65716, stack(0x0000003d1c600000,0x0000003d1c700000) (1024K)]
  0x000001d09cb259c0 JavaThread "included builds"                   [_thread_blocked, id=44148, stack(0x0000003d19100000,0x0000003d19200000) (1024K)]
  0x000001d09cb26d70 JavaThread "Execution worker"                  [_thread_blocked, id=88512, stack(0x0000003d1c700000,0x0000003d1c800000) (1024K)]
  0x000001d09cb27400 JavaThread "Execution worker Thread 2"         [_thread_blocked, id=43456, stack(0x0000003d1c800000,0x0000003d1c900000) (1024K)]
  0x000001d09cb21190 JavaThread "Execution worker Thread 3"         [_thread_blocked, id=40764, stack(0x0000003d1c900000,0x0000003d1ca00000) (1024K)]
  0x000001d09611f3b0 JavaThread "Execution worker Thread 4"         [_thread_blocked, id=30992, stack(0x0000003d1ca00000,0x0000003d1cb00000) (1024K)]
  0x000001d096122830 JavaThread "Execution worker Thread 5"         [_thread_in_native, id=35476, stack(0x0000003d1cb00000,0x0000003d1cc00000) (1024K)]
  0x000001d09611e690 JavaThread "Execution worker Thread 6"         [_thread_blocked, id=75304, stack(0x0000003d1cc00000,0x0000003d1cd00000) (1024K)]
  0x000001d09611b8a0 JavaThread "Execution worker Thread 7"         [_thread_blocked, id=54256, stack(0x0000003d1cd00000,0x0000003d1ce00000) (1024K)]
  0x000001d09611fa40 JavaThread "Cache worker for execution history cache (G:\Project\bv\buildSrc\.gradle\8.14.3\executionHistory)"        [_thread_blocked, id=53904, stack(0x0000003d1ce00000,0x0000003d1cf00000) (1024K)]
  0x000001d09611c5c0 JavaThread "Unconstrained build operations Thread 22"        [_thread_blocked, id=77900, stack(0x0000003d1cf00000,0x0000003d1d000000) (1024K)]
  0x000001d09611e000 JavaThread "Unconstrained build operations Thread 23"        [_thread_blocked, id=88828, stack(0x0000003d1d000000,0x0000003d1d100000) (1024K)]
  0x000001d096121480 JavaThread "Unconstrained build operations Thread 24"        [_thread_blocked, id=428, stack(0x0000003d1d100000,0x0000003d1d200000) (1024K)]
  0x000001d09611cc50 JavaThread "Unconstrained build operations Thread 25"        [_thread_blocked, id=84176, stack(0x0000003d1d200000,0x0000003d1d300000) (1024K)]
  0x000001d09611ed20 JavaThread "Unconstrained build operations Thread 26"        [_thread_blocked, id=83312, stack(0x0000003d1d300000,0x0000003d1d400000) (1024K)]
  0x000001d0961200d0 JavaThread "Unconstrained build operations Thread 27"        [_thread_blocked, id=2224, stack(0x0000003d1d400000,0x0000003d1d500000) (1024K)]
  0x000001d096122ec0 JavaThread "Unconstrained build operations Thread 28"        [_thread_blocked, id=77672, stack(0x0000003d1d500000,0x0000003d1d600000) (1024K)]
  0x000001d0961221a0 JavaThread "Unconstrained build operations Thread 29"        [_thread_blocked, id=74416, stack(0x0000003d1d600000,0x0000003d1d700000) (1024K)]
  0x000001d09611bf30 JavaThread "Unconstrained build operations Thread 30"        [_thread_blocked, id=83732, stack(0x0000003d1d700000,0x0000003d1d800000) (1024K)]
  0x000001d09611d2e0 JavaThread "Unconstrained build operations Thread 31"        [_thread_blocked, id=80604, stack(0x0000003d1d800000,0x0000003d1d900000) (1024K)]
  0x000001d09611d970 JavaThread "Unconstrained build operations Thread 32"        [_thread_blocked, id=86140, stack(0x0000003d1d900000,0x0000003d1da00000) (1024K)]
  0x000001d096120760 JavaThread "Unconstrained build operations Thread 33"        [_thread_blocked, id=60068, stack(0x0000003d1da00000,0x0000003d1db00000) (1024K)]
  0x000001d096120df0 JavaThread "Unconstrained build operations Thread 34"        [_thread_blocked, id=77108, stack(0x0000003d1db00000,0x0000003d1dc00000) (1024K)]
  0x000001d096121b10 JavaThread "Unconstrained build operations Thread 35"        [_thread_blocked, id=88188, stack(0x0000003d1dc00000,0x0000003d1dd00000) (1024K)]
  0x000001d09cb23260 JavaThread "Unconstrained build operations Thread 36"        [_thread_blocked, id=84328, stack(0x0000003d1dd00000,0x0000003d1de00000) (1024K)]
  0x000001d09cb20b00 JavaThread "Unconstrained build operations Thread 37"        [_thread_blocked, id=32184, stack(0x0000003d1de00000,0x0000003d1df00000) (1024K)]
  0x000001d09cb24ca0 JavaThread "Unconstrained build operations Thread 38"        [_thread_blocked, id=67028, stack(0x0000003d1df00000,0x0000003d1e000000) (1024K)]
  0x000001d0961381f0 JavaThread "Unconstrained build operations Thread 39"        [_thread_blocked, id=18232, stack(0x0000003d1e000000,0x0000003d1e100000) (1024K)]
  0x000001d096138880 JavaThread "Unconstrained build operations Thread 40"        [_thread_blocked, id=68328, stack(0x0000003d1e100000,0x0000003d1e200000) (1024K)]
  0x000001d0961346e0 JavaThread "Unconstrained build operations Thread 41"        [_thread_blocked, id=25784, stack(0x0000003d1e200000,0x0000003d1e300000) (1024K)]
  0x000001d0961395a0 JavaThread "Unconstrained build operations Thread 42"        [_thread_blocked, id=71508, stack(0x0000003d1e300000,0x0000003d1e400000) (1024K)]
  0x000001d096139c30 JavaThread "Unconstrained build operations Thread 43"        [_thread_blocked, id=24484, stack(0x0000003d1e400000,0x0000003d1e500000) (1024K)]
  0x000001d096135a90 JavaThread "Unconstrained build operations Thread 44"        [_thread_blocked, id=27448, stack(0x0000003d1e500000,0x0000003d1e600000) (1024K)]
  0x000001d096135400 JavaThread "Unconstrained build operations Thread 45"        [_thread_blocked, id=67228, stack(0x0000003d1e600000,0x0000003d1e700000) (1024K)]
  0x000001d096136120 JavaThread "Unconstrained build operations Thread 46"        [_thread_blocked, id=37560, stack(0x0000003d1e700000,0x0000003d1e800000) (1024K)]
  0x000001d0961367b0 JavaThread "Unconstrained build operations Thread 47"        [_thread_blocked, id=47156, stack(0x0000003d1e800000,0x0000003d1e900000) (1024K)]
  0x000001d09613a2c0 JavaThread "Unconstrained build operations Thread 48"        [_thread_blocked, id=32948, stack(0x0000003d1e900000,0x0000003d1ea00000) (1024K)]
  0x000001d096136e40 JavaThread "Unconstrained build operations Thread 49"        [_thread_blocked, id=69820, stack(0x0000003d1ea00000,0x0000003d1eb00000) (1024K)]
  0x000001d09613a950 JavaThread "Unconstrained build operations Thread 50"        [_thread_blocked, id=75172, stack(0x0000003d1eb00000,0x0000003d1ec00000) (1024K)]
  0x000001d0961374d0 JavaThread "Unconstrained build operations Thread 51"        [_thread_blocked, id=59356, stack(0x0000003d1ec00000,0x0000003d1ed00000) (1024K)]
  0x000001d0961339c0 JavaThread "Unconstrained build operations Thread 52"        [_thread_blocked, id=49404, stack(0x0000003d1ed00000,0x0000003d1ee00000) (1024K)]
  0x000001d09613afe0 JavaThread "Unconstrained build operations Thread 53"        [_thread_blocked, id=25092, stack(0x0000003d1ee00000,0x0000003d1ef00000) (1024K)]
  0x000001d096137b60 JavaThread "Unconstrained build operations Thread 54"        [_thread_blocked, id=80204, stack(0x0000003d1ef00000,0x0000003d1f000000) (1024K)]
  0x000001d096134d70 JavaThread "Unconstrained build operations Thread 55"        [_thread_blocked, id=54760, stack(0x0000003d1f000000,0x0000003d1f100000) (1024K)]
  0x000001d09cb266e0 JavaThread "Unconstrained build operations Thread 56"        [_thread_blocked, id=27516, stack(0x0000003d1f100000,0x0000003d1f200000) (1024K)]
  0x000001d096d58130 JavaThread "Unconstrained build operations Thread 57"        [_thread_blocked, id=79776, stack(0x0000003d1f200000,0x0000003d1f300000) (1024K)]
  0x000001d096d57aa0 JavaThread "Unconstrained build operations Thread 58"        [_thread_blocked, id=68284, stack(0x0000003d1f300000,0x0000003d1f400000) (1024K)]
  0x000001d096d56060 JavaThread "Unconstrained build operations Thread 59"        [_thread_blocked, id=34152, stack(0x0000003d1f400000,0x0000003d1f500000) (1024K)]
  0x000001d096d56d80 JavaThread "Unconstrained build operations Thread 60"        [_thread_blocked, id=29968, stack(0x0000003d1f500000,0x0000003d1f600000) (1024K)]
  0x000001d096d587c0 JavaThread "Unconstrained build operations Thread 61"        [_thread_blocked, id=77144, stack(0x0000003d1f600000,0x0000003d1f700000) (1024K)]
  0x000001d0972c75b0 JavaThread "Unconstrained build operations Thread 62"        [_thread_blocked, id=73512, stack(0x0000003d1f700000,0x0000003d1f800000) (1024K)]
  0x000001d0972c7c40 JavaThread "Unconstrained build operations Thread 63"        [_thread_blocked, id=85844, stack(0x0000003d1f800000,0x0000003d1f900000) (1024K)]
  0x000001d0972c2060 JavaThread "Unconstrained build operations Thread 64"        [_thread_blocked, id=39436, stack(0x0000003d1f900000,0x0000003d1fa00000) (1024K)]
  0x000001d0972c6200 JavaThread "Unconstrained build operations Thread 65"        [_thread_blocked, id=10708, stack(0x0000003d1fa00000,0x0000003d1fb00000) (1024K)]
  0x000001d0972c3410 JavaThread "Unconstrained build operations Thread 66"        [_thread_blocked, id=59188, stack(0x0000003d1fb00000,0x0000003d1fc00000) (1024K)]
  0x000001d0972c47c0 JavaThread "Unconstrained build operations Thread 67"        [_thread_blocked, id=30296, stack(0x0000003d1fc00000,0x0000003d1fd00000) (1024K)]
  0x000001d0972c5b70 JavaThread "Unconstrained build operations Thread 68"        [_thread_blocked, id=62420, stack(0x0000003d1fd00000,0x0000003d1fe00000) (1024K)]
  0x000001d0972c82d0 JavaThread "Unconstrained build operations Thread 69"        [_thread_blocked, id=47136, stack(0x0000003d1fe00000,0x0000003d1ff00000) (1024K)]
  0x000001d0972c54e0 JavaThread "Unconstrained build operations Thread 70"        [_thread_blocked, id=81616, stack(0x0000003d1ff00000,0x0000003d20000000) (1024K)]
  0x000001d0972c6890 JavaThread "Unconstrained build operations Thread 71"        [_thread_blocked, id=81372, stack(0x0000003d20000000,0x0000003d20100000) (1024K)]
  0x000001d0972c26f0 JavaThread "Unconstrained build operations Thread 72"        [_thread_blocked, id=85936, stack(0x0000003d20100000,0x0000003d20200000) (1024K)]
  0x000001d0972c1340 JavaThread "Unconstrained build operations Thread 73"        [_thread_blocked, id=28984, stack(0x0000003d20200000,0x0000003d20300000) (1024K)]
  0x000001d0972c19d0 JavaThread "Unconstrained build operations Thread 74"        [_thread_blocked, id=76192, stack(0x0000003d20300000,0x0000003d20400000) (1024K)]
  0x000001d097859100 JavaThread "Unconstrained build operations Thread 75"        [_thread_blocked, id=69628, stack(0x0000003d20400000,0x0000003d20500000) (1024K)]
  0x000001d09785d930 JavaThread "Unconstrained build operations Thread 76"        [_thread_blocked, id=19676, stack(0x0000003d20500000,0x0000003d20600000) (1024K)]
  0x000001d09785b860 JavaThread "Unconstrained build operations Thread 77"        [_thread_blocked, id=86500, stack(0x0000003d20600000,0x0000003d20700000) (1024K)]
  0x000001d09785cc10 JavaThread "Unconstrained build operations Thread 78"        [_thread_blocked, id=78428, stack(0x0000003d20700000,0x0000003d20800000) (1024K)]
  0x000001d097859e20 JavaThread "Unconstrained build operations Thread 79"        [_thread_blocked, id=71964, stack(0x0000003d20800000,0x0000003d20900000) (1024K)]
  0x000001d0978583e0 JavaThread "Unconstrained build operations Thread 80"        [_thread_blocked, id=49268, stack(0x0000003d20900000,0x0000003d20a00000) (1024K)]
  0x000001d0972c6f20 JavaThread "build event listener"              [_thread_blocked, id=82988, stack(0x0000003d20b00000,0x0000003d20c00000) (1024K)]
  0x000001d09785a4b0 JavaThread "ForkJoinPool.commonPool-worker-1" daemon [_thread_blocked, id=60388, stack(0x0000003d20a00000,0x0000003d20b00000) (1024K)]
  0x000001d09785ab40 JavaThread "ForkJoinPool.commonPool-worker-2" daemon [_thread_blocked, id=34728, stack(0x0000003d20c00000,0x0000003d20d00000) (1024K)]
  0x000001d096d57410 JavaThread "ForkJoinPool.commonPool-worker-3" daemon [_thread_blocked, id=29140, stack(0x0000003d20d00000,0x0000003d20e00000) (1024K)]
  0x000001d096d58e50 JavaThread "ForkJoinPool.commonPool-worker-4" daemon [_thread_blocked, id=46180, stack(0x0000003d20e00000,0x0000003d20f00000) (1024K)]
  0x000001d0972c4130 JavaThread "ForkJoinPool.commonPool-worker-5" daemon [_thread_blocked, id=60960, stack(0x0000003d20f00000,0x0000003d21000000) (1024K)]
  0x000001d0972c4e50 JavaThread "ForkJoinPool.commonPool-worker-6" daemon [_thread_blocked, id=2144, stack(0x0000003d21000000,0x0000003d21100000) (1024K)]
  0x000001d09cb21eb0 JavaThread "ForkJoinPool.commonPool-worker-7" daemon [_thread_blocked, id=22496, stack(0x0000003d21100000,0x0000003d21200000) (1024K)]
  0x000001d09b52e570 JavaThread "Cache worker for execution history cache (G:\Project\bv\.gradle\8.14.3\executionHistory)"        [_thread_blocked, id=23420, stack(0x0000003d21300000,0x0000003d21400000) (1024K)]
  0x000001d09af5ba50 JavaThread "WorkerExecutor Queue"              [_thread_blocked, id=73920, stack(0x0000003d21400000,0x0000003d21500000) (1024K)]
  0x000001d09af578b0 JavaThread "RMI Scheduler(0)"           daemon [_thread_blocked, id=31400, stack(0x0000003d21500000,0x0000003d21600000) (1024K)]
  0x000001d09af585d0 JavaThread "RMI GC Daemon"              daemon [_thread_blocked, id=87952, stack(0x0000003d21700000,0x0000003d21800000) (1024K)]
  0x000001d09af59980 JavaThread "RMI TCP Accept-0"           daemon [_thread_in_native, id=39808, stack(0x0000003d21800000,0x0000003d21900000) (1024K)]
  0x000001d09af592f0 JavaThread "RMI Reaper"                        [_thread_blocked, id=69104, stack(0x0000003d21900000,0x0000003d21a00000) (1024K)]
  0x000001d09c4834d0 JavaThread "WorkerExecutor Queue Thread 2"        [_thread_blocked, id=29720, stack(0x0000003d21b00000,0x0000003d21c00000) (1024K)]
  0x000001d09c4841f0 JavaThread "WorkerExecutor Queue Thread 4"        [_thread_blocked, id=77840, stack(0x0000003d21d00000,0x0000003d21e00000) (1024K)]
  0x000001d09c484880 JavaThread "WorkerExecutor Queue Thread 5"        [_thread_blocked, id=84704, stack(0x0000003d21e00000,0x0000003d21f00000) (1024K)]
  0x000001d09cb22540 JavaThread "WorkerExecutor Queue Thread 7"        [_thread_in_native, id=23316, stack(0x0000003d22000000,0x0000003d22100000) (1024K)]
  0x000001d096138f10 JavaThread "WorkerExecutor Queue Thread 8"        [_thread_in_native, id=77276, stack(0x0000003d22100000,0x0000003d22200000) (1024K)]
  0x000001d09d364d10 JavaThread "RMI TCP Connection(13)-127.0.0.1" daemon [_thread_in_native, id=45572, stack(0x0000003d22300000,0x0000003d22400000) (1024K)]
  0x000001d09b536f40 JavaThread "Cache worker for Java compile cache (C:\Users\doluvor\.gradle\caches\8.14.3\javaCompile)"        [_thread_blocked, id=79092, stack(0x0000003d22500000,0x0000003d22600000) (1024K)]
  0x000001d09af5ce00 JavaThread "Build operations"                  [_thread_blocked, id=22276, stack(0x0000003d22a00000,0x0000003d22b00000) (1024K)]
  0x000001d09af56500 JavaThread "Build operations Thread 2"         [_thread_blocked, id=59092, stack(0x0000003d22800000,0x0000003d22900000) (1024K)]
  0x000001d09af61630 JavaThread "Build operations Thread 3"         [_thread_blocked, id=64280, stack(0x0000003d22900000,0x0000003d22a00000) (1024K)]
  0x000001d09af61cc0 JavaThread "Build operations Thread 4"         [_thread_blocked, id=42848, stack(0x0000003d22b00000,0x0000003d22c00000) (1024K)]
  0x000001d09af5db20 JavaThread "Build operations Thread 5"         [_thread_blocked, id=50396, stack(0x0000003d22c00000,0x0000003d22d00000) (1024K)]
  0x000001d09af60910 JavaThread "Build operations Thread 6"         [_thread_blocked, id=52672, stack(0x0000003d22d00000,0x0000003d22e00000) (1024K)]
  0x000001d09af5e1b0 JavaThread "Build operations Thread 7"         [_thread_blocked, id=81724, stack(0x0000003d22e00000,0x0000003d22f00000) (1024K)]
  0x000001d09d362c40 JavaThread "WorkerExecutor Queue Thread 9"        [_thread_blocked, id=83908, stack(0x0000003d17c00000,0x0000003d17d00000) (1024K)]
  0x000001d09deecbb0 JavaThread "pool-3-thread-1"                   [_thread_blocked, id=52836, stack(0x0000003d19000000,0x0000003d19100000) (1024K)]
  0x000001d09deec520 JavaThread "stderr"                            [_thread_in_native, id=85912, stack(0x0000003d22f00000,0x0000003d23000000) (1024K)]
  0x000001d09deed240 JavaThread "stdout"                            [_thread_in_native, id=46404, stack(0x0000003d23000000,0x0000003d23100000) (1024K)]
  0x000001d09deedf60 JavaThread "Problems report writer"            [_thread_blocked, id=71400, stack(0x0000003d23100000,0x0000003d23200000) (1024K)]
  0x000001d09deeb170 JavaThread "Java2D Disposer"            daemon [_thread_blocked, id=68740, stack(0x0000003d17d00000,0x0000003d17e00000) (1024K)]
  0x000001d09deebe90 JavaThread "AWT-Windows"                daemon [_thread_in_native, id=33024, stack(0x0000003d23200000,0x0000003d23300000) (1024K)]
  0x000001d09def5c10 JavaThread "DefaultDispatcher-worker-1" daemon [_thread_blocked, id=71984, stack(0x0000003d23400000,0x0000003d23500000) (1024K)]
  0x000001d09def4ef0 JavaThread "DefaultDispatcher-worker-2" daemon [_thread_blocked, id=79412, stack(0x0000003d23500000,0x0000003d23600000) (1024K)]
  0x000001d09def7ce0 JavaThread "DefaultDispatcher-worker-3" daemon [_thread_blocked, id=87512, stack(0x0000003d23600000,0x0000003d23700000) (1024K)]
  0x000001d09def62a0 JavaThread "DefaultDispatcher-worker-4" daemon [_thread_blocked, id=82096, stack(0x0000003d23700000,0x0000003d23800000) (1024K)]
  0x000001d09785dfc0 JavaThread "Periodic tasks thread"      daemon [_thread_blocked, id=72196, stack(0x0000003d21f00000,0x0000003d22000000) (1024K)]
  0x000001d0a31832c0 JavaThread "ApplicationImpl pooled thread 1"        [_thread_blocked, id=45244, stack(0x0000003d23300000,0x0000003d23400000) (1024K)]
  0x000001d0a3806b10 JavaThread "Build operations Thread 8"         [_thread_blocked, id=56224, stack(0x0000003d23900000,0x0000003d23a00000) (1024K)]
  0x000001d09b5382f0 JavaThread "Periodic tasks thread"      daemon [_thread_blocked, id=36568, stack(0x0000003d21600000,0x0000003d21700000) (1024K)]
  0x000001d09b532da0 JavaThread "ApplicationImpl pooled thread 1" daemon [_thread_blocked, id=45020, stack(0x0000003d21a00000,0x0000003d21b00000) (1024K)]
  0x000001d0a3198800 JavaThread "RMI TCP Connection(17)-127.0.0.1" daemon [_thread_in_native, id=42564, stack(0x0000003d22400000,0x0000003d22500000) (1024K)]
  0x000001d09b536220 JavaThread "WorkerExecutor Queue Thread 10"        [_thread_blocked, id=57780, stack(0x0000003d23800000,0x0000003d23900000) (1024K)]
  0x000001d09c48a460 JavaThread "RMI TCP Connection(16)-127.0.0.1" daemon [_thread_in_native, id=86776, stack(0x0000003d23b00000,0x0000003d23c00000) (1024K)]
  0x000001d09c488390 JavaThread "RMI TCP Connection(14)-127.0.0.1" daemon [_thread_in_native, id=34124, stack(0x0000003d23c00000,0x0000003d23d00000) (1024K)]
  0x000001d09c48aaf0 JavaThread "RMI TCP Connection(15)-127.0.0.1" daemon [_thread_in_native, id=17804, stack(0x0000003d23e00000,0x0000003d23f00000) (1024K)]
  0x000001d09af5a6a0 JavaThread "DefaultDispatcher-worker-5" daemon [_thread_blocked, id=32160, stack(0x0000003d23f00000,0x0000003d24000000) (1024K)]
  0x000001d09d361f20 JavaThread "RMI RenewClean-[127.0.0.1:17569,org.jetbrains.kotlin.daemon.common.LoopbackNetworkInterface$ClientLoopbackSocketFactory@79c36423]" daemon [_thread_blocked, id=20724, stack(0x0000003d22700000,0x0000003d22800000) (1024K)]
  0x000001d0a5caa2d0 JavaThread "RMI RenewClean-[127.0.0.1:17569,org.jetbrains.kotlin.daemon.common.LoopbackNetworkInterface$ClientLoopbackSocketFactory@7489c355]" daemon [_thread_blocked, id=54624, stack(0x0000003d17b00000,0x0000003d17c00000) (1024K)]
  0x000001d0c2e62840 JavaThread "RMI TCP Connection(18)-127.0.0.1" daemon [_thread_in_native, id=69704, stack(0x0000003d21200000,0x0000003d21300000) (1024K)]
  0x000001d0a5dec4a0 JavaThread "C2 CompilerThread1"         daemon [_thread_in_native, id=23140, stack(0x0000003d22600000,0x0000003d22700000) (1024K)]
  0x000001d0a5de94f0 JavaThread "C2 CompilerThread2"         daemon [_thread_in_native, id=88768, stack(0x0000003d23a00000,0x0000003d23b00000) (1024K)]
Total: 179

Other Threads:
  0x000001d05050d760 VMThread "VM Thread"                           [id=46824, stack(0x0000003d18500000,0x0000003d18600000) (1024K)]
  0x000001d0504f9c10 WatcherThread "VM Periodic Task Thread"        [id=69268, stack(0x0000003d18400000,0x0000003d18500000) (1024K)]
  0x000001d031409ba0 WorkerThread "GC Thread#0"                     [id=51056, stack(0x0000003d17f00000,0x0000003d18000000) (1024K)]
  0x000001d09600e090 WorkerThread "GC Thread#1"                     [id=47636, stack(0x0000003d19200000,0x0000003d19300000) (1024K)]
  0x000001d0961f54b0 WorkerThread "GC Thread#2"                     [id=79948, stack(0x0000003d19300000,0x0000003d19400000) (1024K)]
  0x000001d09608a140 WorkerThread "GC Thread#3"                     [id=67264, stack(0x0000003d19400000,0x0000003d19500000) (1024K)]
  0x000001d0960789f0 WorkerThread "GC Thread#4"                     [id=88016, stack(0x0000003d19500000,0x0000003d19600000) (1024K)]
  0x000001d0960799c0 WorkerThread "GC Thread#5"                     [id=39592, stack(0x0000003d19600000,0x0000003d19700000) (1024K)]
  0x000001d09607a580 WorkerThread "GC Thread#6"                     [id=44728, stack(0x0000003d19700000,0x0000003d19800000) (1024K)]
  0x000001d09607a930 WorkerThread "GC Thread#7"                     [id=20808, stack(0x0000003d19800000,0x0000003d19900000) (1024K)]
  0x000001d03141db10 ConcurrentGCThread "G1 Main Marker"            [id=76736, stack(0x0000003d18000000,0x0000003d18100000) (1024K)]
  0x000001d03141eb70 WorkerThread "G1 Conc#0"                       [id=67896, stack(0x0000003d18100000,0x0000003d18200000) (1024K)]
  0x000001d099b751a0 WorkerThread "G1 Conc#1"                       [id=87176, stack(0x0000003d1a600000,0x0000003d1a700000) (1024K)]
  0x000001d050445770 ConcurrentGCThread "G1 Refine#0"               [id=68028, stack(0x0000003d18200000,0x0000003d18300000) (1024K)]
  0x000001d050445fa0 ConcurrentGCThread "G1 Service"                [id=24248, stack(0x0000003d18300000,0x0000003d18400000) (1024K)]
Total: 15

Threads with active compile tasks:
C2 CompilerThread0  173488 86552       4       com.android.zipflinger.ZipArchive::writeSource (205 bytes)
C2 CompilerThread1  173488 86572       4       org.gradle.api.internal.changedetection.state.FallbackHandlingResourceHasher$$Lambda/0x000001d053ac4d70::get (12 bytes)
C2 CompilerThread2  173488 86573       4       org.gradle.api.internal.changedetection.state.FallbackHandlingResourceHasher::lambda$hashWithDelegate$3 (11 bytes)
Total: 3

VM state: not at safepoint (normal execution)

VM Mutex/Monitor currently owned by a thread: None

Heap address: 0x0000000700000000, size: 4096 MB, Compressed Oops mode: Zero based, Oop shift amount: 3

CDS archive(s) mapped at: [0x000001d051000000-0x000001d051c80000-0x000001d051c80000), size 13107200, SharedBaseAddress: 0x000001d051000000, ArchiveRelocationMode: 1.
Compressed class space mapped at: 0x000001d052000000-0x000001d092000000, reserved size: 1073741824
Narrow klass base: 0x000001d051000000, Narrow klass shift: 0, Narrow klass range: 0x100000000

GC Precious Log:
 CardTable entry size: 512
 Card Set container configuration: InlinePtr #cards 4 size 8 Array Of Cards #cards 16 size 48 Howl #buckets 8 coarsen threshold 3686 Howl Bitmap #cards 512 size 80 coarsen threshold 460 Card regions per heap region 1 cards per card region 4096
 CPUs: 8 total, 8 available
 Memory: 32578M
 Large Page Support: Disabled
 NUMA Support: Disabled
 Compressed Oops: Enabled (Zero based)
 Heap Region Size: 2M
 Heap Min Capacity: 8M
 Heap Initial Capacity: 510M
 Heap Max Capacity: 4G
 Pre-touch: Disabled
 Parallel Workers: 8
 Concurrent Workers: 2
 Concurrent Refinement Workers: 8
 Periodic GC: Disabled

Heap:
 garbage-first heap   total 1581056K, used 1057618K [0x0000000700000000, 0x0000000800000000)
  region size 2048K, 68 young (139264K), 24 survivors (49152K)
 Metaspace       used 339583K, committed 343424K, reserved 1376256K
  class space    used 41257K, committed 43072K, reserved 1048576K

Heap Regions: E=young(eden), S=young(survivor), O=old, HS=humongous(starts), HC=humongous(continues), CS=collection set, F=free, TAMS=top-at-mark-start, PB=parsable bottom
|   0|0x0000000700000000, 0x0000000700200000, 0x0000000700200000|100%|HS|  |TAMS 0x0000000700000000| PB 0x0000000700000000| Complete 
|   1|0x0000000700200000, 0x0000000700400000, 0x0000000700400000|100%|HC|  |TAMS 0x0000000700200000| PB 0x0000000700200000| Complete 
|   2|0x0000000700400000, 0x0000000700600000, 0x0000000700600000|100%| O|  |TAMS 0x0000000700400000| PB 0x0000000700400000| Untracked 
|   3|0x0000000700600000, 0x0000000700800000, 0x0000000700800000|100%| O|  |TAMS 0x0000000700600000| PB 0x0000000700600000| Untracked 
|   4|0x0000000700800000, 0x0000000700a00000, 0x0000000700a00000|100%| O|  |TAMS 0x0000000700800000| PB 0x0000000700800000| Untracked 
|   5|0x0000000700a00000, 0x0000000700c00000, 0x0000000700c00000|100%| O|  |TAMS 0x0000000700a00000| PB 0x0000000700a00000| Untracked 
|   6|0x0000000700c00000, 0x0000000700e00000, 0x0000000700e00000|100%| O|  |TAMS 0x0000000700c00000| PB 0x0000000700c00000| Untracked 
|   7|0x0000000700e00000, 0x0000000701000000, 0x0000000701000000|100%| O|  |TAMS 0x0000000700e00000| PB 0x0000000700e00000| Untracked 
|   8|0x0000000701000000, 0x0000000701200000, 0x0000000701200000|100%| O|  |TAMS 0x0000000701000000| PB 0x0000000701000000| Untracked 
|   9|0x0000000701200000, 0x0000000701400000, 0x0000000701400000|100%| O|  |TAMS 0x0000000701200000| PB 0x0000000701200000| Untracked 
|  10|0x0000000701400000, 0x0000000701600000, 0x0000000701600000|100%| O|  |TAMS 0x0000000701400000| PB 0x0000000701400000| Untracked 
|  11|0x0000000701600000, 0x0000000701800000, 0x0000000701800000|100%| O|  |TAMS 0x0000000701600000| PB 0x0000000701600000| Untracked 
|  12|0x0000000701800000, 0x0000000701a00000, 0x0000000701a00000|100%| O|  |TAMS 0x0000000701800000| PB 0x0000000701800000| Untracked 
|  13|0x0000000701a00000, 0x0000000701c00000, 0x0000000701c00000|100%| O|  |TAMS 0x0000000701a00000| PB 0x0000000701a00000| Untracked 
|  14|0x0000000701c00000, 0x0000000701e00000, 0x0000000701e00000|100%| O|  |TAMS 0x0000000701c00000| PB 0x0000000701c00000| Untracked 
|  15|0x0000000701e00000, 0x0000000702000000, 0x0000000702000000|100%| O|  |TAMS 0x0000000701e00000| PB 0x0000000701e00000| Untracked 
|  16|0x0000000702000000, 0x0000000702200000, 0x0000000702200000|100%| O|  |TAMS 0x0000000702000000| PB 0x0000000702000000| Untracked 
|  17|0x0000000702200000, 0x0000000702400000, 0x0000000702400000|100%| O|  |TAMS 0x0000000702200000| PB 0x0000000702200000| Untracked 
|  18|0x0000000702400000, 0x0000000702600000, 0x0000000702600000|100%| O|  |TAMS 0x0000000702400000| PB 0x0000000702400000| Untracked 
|  19|0x0000000702600000, 0x0000000702800000, 0x0000000702800000|100%| O|  |TAMS 0x0000000702600000| PB 0x0000000702600000| Untracked 
|  20|0x0000000702800000, 0x0000000702a00000, 0x0000000702a00000|100%|HS|  |TAMS 0x0000000702800000| PB 0x0000000702800000| Complete 
|  21|0x0000000702a00000, 0x0000000702c00000, 0x0000000702c00000|100%|HS|  |TAMS 0x0000000702a00000| PB 0x0000000702a00000| Complete 
|  22|0x0000000702c00000, 0x0000000702e00000, 0x0000000702e00000|100%|HS|  |TAMS 0x0000000702c00000| PB 0x0000000702c00000| Complete 
|  23|0x0000000702e00000, 0x0000000703000000, 0x0000000703000000|100%|HC|  |TAMS 0x0000000702e00000| PB 0x0000000702e00000| Complete 
|  24|0x0000000703000000, 0x0000000703200000, 0x0000000703200000|100%| O|  |TAMS 0x0000000703000000| PB 0x0000000703000000| Untracked 
|  25|0x0000000703200000, 0x0000000703400000, 0x0000000703400000|100%|HS|  |TAMS 0x0000000703200000| PB 0x0000000703200000| Complete 
|  26|0x0000000703400000, 0x0000000703600000, 0x0000000703600000|100%|HC|  |TAMS 0x0000000703400000| PB 0x0000000703400000| Complete 
|  27|0x0000000703600000, 0x0000000703800000, 0x0000000703800000|100%| O|  |TAMS 0x0000000703600000| PB 0x0000000703600000| Untracked 
|  28|0x0000000703800000, 0x0000000703a00000, 0x0000000703a00000|100%| O|  |TAMS 0x0000000703800000| PB 0x0000000703800000| Untracked 
|  29|0x0000000703a00000, 0x0000000703c00000, 0x0000000703c00000|100%| O|  |TAMS 0x0000000703a00000| PB 0x0000000703a00000| Untracked 
|  30|0x0000000703c00000, 0x0000000703e00000, 0x0000000703e00000|100%| O|  |TAMS 0x0000000703c00000| PB 0x0000000703c00000| Untracked 
|  31|0x0000000703e00000, 0x0000000704000000, 0x0000000704000000|100%| O|  |TAMS 0x0000000703e00000| PB 0x0000000703e00000| Untracked 
|  32|0x0000000704000000, 0x0000000704200000, 0x0000000704200000|100%| O|  |TAMS 0x0000000704000000| PB 0x0000000704000000| Untracked 
|  33|0x0000000704200000, 0x0000000704400000, 0x0000000704400000|100%| O|  |TAMS 0x0000000704200000| PB 0x0000000704200000| Untracked 
|  34|0x0000000704400000, 0x0000000704600000, 0x0000000704600000|100%| O|  |TAMS 0x0000000704400000| PB 0x0000000704400000| Untracked 
|  35|0x0000000704600000, 0x0000000704800000, 0x0000000704800000|100%| O|  |TAMS 0x0000000704600000| PB 0x0000000704600000| Untracked 
|  36|0x0000000704800000, 0x0000000704a00000, 0x0000000704a00000|100%| O|  |TAMS 0x0000000704800000| PB 0x0000000704800000| Untracked 
|  37|0x0000000704a00000, 0x0000000704c00000, 0x0000000704c00000|100%| O|  |TAMS 0x0000000704a00000| PB 0x0000000704a00000| Untracked 
|  38|0x0000000704c00000, 0x0000000704e00000, 0x0000000704e00000|100%| O|  |TAMS 0x0000000704c00000| PB 0x0000000704c00000| Untracked 
|  39|0x0000000704e00000, 0x0000000705000000, 0x0000000705000000|100%|HS|  |TAMS 0x0000000704e00000| PB 0x0000000704e00000| Complete 
|  40|0x0000000705000000, 0x0000000705200000, 0x0000000705200000|100%|HS|  |TAMS 0x0000000705000000| PB 0x0000000705000000| Complete 
|  41|0x0000000705200000, 0x0000000705400000, 0x0000000705400000|100%| O|  |TAMS 0x0000000705200000| PB 0x0000000705200000| Untracked 
|  42|0x0000000705400000, 0x0000000705600000, 0x0000000705600000|100%| O|  |TAMS 0x0000000705400000| PB 0x0000000705400000| Untracked 
|  43|0x0000000705600000, 0x0000000705800000, 0x0000000705800000|100%| O|  |TAMS 0x0000000705600000| PB 0x0000000705600000| Untracked 
|  44|0x0000000705800000, 0x0000000705a00000, 0x0000000705a00000|100%| O|  |TAMS 0x0000000705800000| PB 0x0000000705800000| Untracked 
|  45|0x0000000705a00000, 0x0000000705c00000, 0x0000000705c00000|100%| O|  |TAMS 0x0000000705a00000| PB 0x0000000705a00000| Untracked 
|  46|0x0000000705c00000, 0x0000000705e00000, 0x0000000705e00000|100%| O|  |TAMS 0x0000000705c00000| PB 0x0000000705c00000| Untracked 
|  47|0x0000000705e00000, 0x0000000706000000, 0x0000000706000000|100%| O|  |TAMS 0x0000000705e00000| PB 0x0000000705e00000| Untracked 
|  48|0x0000000706000000, 0x0000000706200000, 0x0000000706200000|100%| O|  |TAMS 0x0000000706000000| PB 0x0000000706000000| Untracked 
|  49|0x0000000706200000, 0x0000000706400000, 0x0000000706400000|100%| O|  |TAMS 0x0000000706200000| PB 0x0000000706200000| Untracked 
|  50|0x0000000706400000, 0x0000000706600000, 0x0000000706600000|100%| O|  |TAMS 0x0000000706400000| PB 0x0000000706400000| Untracked 
|  51|0x0000000706600000, 0x0000000706800000, 0x0000000706800000|100%| O|  |TAMS 0x0000000706600000| PB 0x0000000706600000| Untracked 
|  52|0x0000000706800000, 0x0000000706a00000, 0x0000000706a00000|100%| O|  |TAMS 0x0000000706800000| PB 0x0000000706800000| Untracked 
|  53|0x0000000706a00000, 0x0000000706c00000, 0x0000000706c00000|100%| O|  |TAMS 0x0000000706a00000| PB 0x0000000706a00000| Untracked 
|  54|0x0000000706c00000, 0x0000000706e00000, 0x0000000706e00000|100%| O|  |TAMS 0x0000000706c00000| PB 0x0000000706c00000| Untracked 
|  55|0x0000000706e00000, 0x0000000707000000, 0x0000000707000000|100%| O|  |TAMS 0x0000000706e00000| PB 0x0000000706e00000| Untracked 
|  56|0x0000000707000000, 0x0000000707200000, 0x0000000707200000|100%| O|  |TAMS 0x0000000707000000| PB 0x0000000707000000| Untracked 
|  57|0x0000000707200000, 0x0000000707400000, 0x0000000707400000|100%| O|  |TAMS 0x0000000707200000| PB 0x0000000707200000| Untracked 
|  58|0x0000000707400000, 0x0000000707600000, 0x0000000707600000|100%| O|  |TAMS 0x0000000707400000| PB 0x0000000707400000| Untracked 
|  59|0x0000000707600000, 0x0000000707800000, 0x0000000707800000|100%| O|  |TAMS 0x0000000707600000| PB 0x0000000707600000| Untracked 
|  60|0x0000000707800000, 0x0000000707a00000, 0x0000000707a00000|100%| O|  |TAMS 0x0000000707800000| PB 0x0000000707800000| Untracked 
|  61|0x0000000707a00000, 0x0000000707c00000, 0x0000000707c00000|100%| O|  |TAMS 0x0000000707a00000| PB 0x0000000707a00000| Untracked 
|  62|0x0000000707c00000, 0x0000000707e00000, 0x0000000707e00000|100%| O|  |TAMS 0x0000000707c00000| PB 0x0000000707c00000| Untracked 
|  63|0x0000000707e00000, 0x0000000708000000, 0x0000000708000000|100%| O|  |TAMS 0x0000000707e00000| PB 0x0000000707e00000| Untracked 
|  64|0x0000000708000000, 0x0000000708200000, 0x0000000708200000|100%| O|  |TAMS 0x0000000708000000| PB 0x0000000708000000| Untracked 
|  65|0x0000000708200000, 0x0000000708400000, 0x0000000708400000|100%| O|  |TAMS 0x0000000708200000| PB 0x0000000708200000| Untracked 
|  66|0x0000000708400000, 0x0000000708600000, 0x0000000708600000|100%| O|  |TAMS 0x0000000708400000| PB 0x0000000708400000| Untracked 
|  67|0x0000000708600000, 0x0000000708800000, 0x0000000708800000|100%| O|  |TAMS 0x0000000708600000| PB 0x0000000708600000| Untracked 
|  68|0x0000000708800000, 0x0000000708a00000, 0x0000000708a00000|100%| O|  |TAMS 0x0000000708800000| PB 0x0000000708800000| Untracked 
|  69|0x0000000708a00000, 0x0000000708c00000, 0x0000000708c00000|100%| O|  |TAMS 0x0000000708a00000| PB 0x0000000708a00000| Untracked 
|  70|0x0000000708c00000, 0x0000000708e00000, 0x0000000708e00000|100%| O|  |TAMS 0x0000000708c00000| PB 0x0000000708c00000| Untracked 
|  71|0x0000000708e00000, 0x0000000709000000, 0x0000000709000000|100%| O|  |TAMS 0x0000000708e00000| PB 0x0000000708e00000| Untracked 
|  72|0x0000000709000000, 0x0000000709200000, 0x0000000709200000|100%| O|  |TAMS 0x0000000709000000| PB 0x0000000709000000| Untracked 
|  73|0x0000000709200000, 0x0000000709400000, 0x0000000709400000|100%| O|  |TAMS 0x0000000709200000| PB 0x0000000709200000| Untracked 
|  74|0x0000000709400000, 0x0000000709600000, 0x0000000709600000|100%| O|  |TAMS 0x0000000709400000| PB 0x0000000709400000| Untracked 
|  75|0x0000000709600000, 0x0000000709800000, 0x0000000709800000|100%| O|  |TAMS 0x0000000709600000| PB 0x0000000709600000| Untracked 
|  76|0x0000000709800000, 0x0000000709a00000, 0x0000000709a00000|100%| O|  |TAMS 0x0000000709800000| PB 0x0000000709800000| Untracked 
|  77|0x0000000709a00000, 0x0000000709c00000, 0x0000000709c00000|100%| O|  |TAMS 0x0000000709a00000| PB 0x0000000709a00000| Untracked 
|  78|0x0000000709c00000, 0x0000000709e00000, 0x0000000709e00000|100%| O|  |TAMS 0x0000000709c00000| PB 0x0000000709c00000| Untracked 
|  79|0x0000000709e00000, 0x000000070a000000, 0x000000070a000000|100%| O|  |TAMS 0x0000000709e00000| PB 0x0000000709e00000| Untracked 
|  80|0x000000070a000000, 0x000000070a200000, 0x000000070a200000|100%| O|  |TAMS 0x000000070a000000| PB 0x000000070a000000| Untracked 
|  81|0x000000070a200000, 0x000000070a400000, 0x000000070a400000|100%| O|  |TAMS 0x000000070a200000| PB 0x000000070a200000| Untracked 
|  82|0x000000070a400000, 0x000000070a600000, 0x000000070a600000|100%| O|  |TAMS 0x000000070a400000| PB 0x000000070a400000| Untracked 
|  83|0x000000070a600000, 0x000000070a800000, 0x000000070a800000|100%| O|  |TAMS 0x000000070a600000| PB 0x000000070a600000| Untracked 
|  84|0x000000070a800000, 0x000000070aa00000, 0x000000070aa00000|100%| O|  |TAMS 0x000000070a800000| PB 0x000000070a800000| Untracked 
|  85|0x000000070aa00000, 0x000000070ac00000, 0x000000070ac00000|100%| O|  |TAMS 0x000000070aa00000| PB 0x000000070aa00000| Untracked 
|  86|0x000000070ac00000, 0x000000070ae00000, 0x000000070ae00000|100%| O|  |TAMS 0x000000070ac00000| PB 0x000000070ac00000| Untracked 
|  87|0x000000070ae00000, 0x000000070b000000, 0x000000070b000000|100%| O|  |TAMS 0x000000070ae00000| PB 0x000000070ae00000| Untracked 
|  88|0x000000070b000000, 0x000000070b200000, 0x000000070b200000|100%| O|  |TAMS 0x000000070b000000| PB 0x000000070b000000| Untracked 
|  89|0x000000070b200000, 0x000000070b400000, 0x000000070b400000|100%| O|  |TAMS 0x000000070b200000| PB 0x000000070b200000| Untracked 
|  90|0x000000070b400000, 0x000000070b600000, 0x000000070b600000|100%| O|  |TAMS 0x000000070b400000| PB 0x000000070b400000| Untracked 
|  91|0x000000070b600000, 0x000000070b800000, 0x000000070b800000|100%| O|  |TAMS 0x000000070b600000| PB 0x000000070b600000| Untracked 
|  92|0x000000070b800000, 0x000000070ba00000, 0x000000070ba00000|100%| O|  |TAMS 0x000000070b800000| PB 0x000000070b800000| Untracked 
|  93|0x000000070ba00000, 0x000000070bc00000, 0x000000070bc00000|100%| O|  |TAMS 0x000000070ba00000| PB 0x000000070ba00000| Untracked 
|  94|0x000000070bc00000, 0x000000070be00000, 0x000000070be00000|100%| O|  |TAMS 0x000000070bc00000| PB 0x000000070bc00000| Untracked 
|  95|0x000000070be00000, 0x000000070c000000, 0x000000070c000000|100%| O|  |TAMS 0x000000070be00000| PB 0x000000070be00000| Untracked 
|  96|0x000000070c000000, 0x000000070c200000, 0x000000070c200000|100%| O|  |TAMS 0x000000070c000000| PB 0x000000070c000000| Untracked 
|  97|0x000000070c200000, 0x000000070c400000, 0x000000070c400000|100%| O|  |TAMS 0x000000070c200000| PB 0x000000070c200000| Untracked 
|  98|0x000000070c400000, 0x000000070c600000, 0x000000070c600000|100%| O|  |TAMS 0x000000070c400000| PB 0x000000070c400000| Untracked 
|  99|0x000000070c600000, 0x000000070c800000, 0x000000070c800000|100%| O|  |TAMS 0x000000070c600000| PB 0x000000070c600000| Untracked 
| 100|0x000000070c800000, 0x000000070ca00000, 0x000000070ca00000|100%| O|  |TAMS 0x000000070c800000| PB 0x000000070c800000| Untracked 
| 101|0x000000070ca00000, 0x000000070cc00000, 0x000000070cc00000|100%| O|  |TAMS 0x000000070ca00000| PB 0x000000070ca00000| Untracked 
| 102|0x000000070cc00000, 0x000000070ce00000, 0x000000070ce00000|100%| O|  |TAMS 0x000000070cc00000| PB 0x000000070cc00000| Untracked 
| 103|0x000000070ce00000, 0x000000070d000000, 0x000000070d000000|100%| O|  |TAMS 0x000000070ce00000| PB 0x000000070ce00000| Untracked 
| 104|0x000000070d000000, 0x000000070d200000, 0x000000070d200000|100%| O|  |TAMS 0x000000070d000000| PB 0x000000070d000000| Untracked 
| 105|0x000000070d200000, 0x000000070d400000, 0x000000070d400000|100%| O|  |TAMS 0x000000070d200000| PB 0x000000070d200000| Untracked 
| 106|0x000000070d400000, 0x000000070d600000, 0x000000070d600000|100%| O|  |TAMS 0x000000070d400000| PB 0x000000070d400000| Untracked 
| 107|0x000000070d600000, 0x000000070d800000, 0x000000070d800000|100%| O|  |TAMS 0x000000070d600000| PB 0x000000070d600000| Untracked 
| 108|0x000000070d800000, 0x000000070da00000, 0x000000070da00000|100%| O|  |TAMS 0x000000070d800000| PB 0x000000070d800000| Untracked 
| 109|0x000000070da00000, 0x000000070dc00000, 0x000000070dc00000|100%| O|  |TAMS 0x000000070da00000| PB 0x000000070da00000| Untracked 
| 110|0x000000070dc00000, 0x000000070de00000, 0x000000070de00000|100%| O|  |TAMS 0x000000070dc00000| PB 0x000000070dc00000| Untracked 
| 111|0x000000070de00000, 0x000000070e000000, 0x000000070e000000|100%| O|  |TAMS 0x000000070de00000| PB 0x000000070de00000| Untracked 
| 112|0x000000070e000000, 0x000000070e200000, 0x000000070e200000|100%| O|  |TAMS 0x000000070e000000| PB 0x000000070e000000| Untracked 
| 113|0x000000070e200000, 0x000000070e400000, 0x000000070e400000|100%| O|  |TAMS 0x000000070e200000| PB 0x000000070e200000| Untracked 
| 114|0x000000070e400000, 0x000000070e600000, 0x000000070e600000|100%| O|  |TAMS 0x000000070e400000| PB 0x000000070e400000| Untracked 
| 115|0x000000070e600000, 0x000000070e800000, 0x000000070e800000|100%| O|Cm|TAMS 0x000000070e600000| PB 0x000000070e600000| Complete 
| 116|0x000000070e800000, 0x000000070ea00000, 0x000000070ea00000|100%| O|  |TAMS 0x000000070e800000| PB 0x000000070e800000| Untracked 
| 117|0x000000070ea00000, 0x000000070ec00000, 0x000000070ec00000|100%| O|  |TAMS 0x000000070ea00000| PB 0x000000070ea00000| Untracked 
| 118|0x000000070ec00000, 0x000000070ee00000, 0x000000070ee00000|100%| O|  |TAMS 0x000000070ec00000| PB 0x000000070ec00000| Untracked 
| 119|0x000000070ee00000, 0x000000070f000000, 0x000000070f000000|100%| O|  |TAMS 0x000000070ee00000| PB 0x000000070ee00000| Untracked 
| 120|0x000000070f000000, 0x000000070f200000, 0x000000070f200000|100%| O|  |TAMS 0x000000070f000000| PB 0x000000070f000000| Untracked 
| 121|0x000000070f200000, 0x000000070f400000, 0x000000070f400000|100%| O|  |TAMS 0x000000070f200000| PB 0x000000070f200000| Untracked 
| 122|0x000000070f400000, 0x000000070f600000, 0x000000070f600000|100%| O|  |TAMS 0x000000070f400000| PB 0x000000070f400000| Untracked 
| 123|0x000000070f600000, 0x000000070f800000, 0x000000070f800000|100%| O|  |TAMS 0x000000070f600000| PB 0x000000070f600000| Untracked 
| 124|0x000000070f800000, 0x000000070fa00000, 0x000000070fa00000|100%| O|  |TAMS 0x000000070f800000| PB 0x000000070f800000| Untracked 
| 125|0x000000070fa00000, 0x000000070fc00000, 0x000000070fc00000|100%| O|  |TAMS 0x000000070fa00000| PB 0x000000070fa00000| Untracked 
| 126|0x000000070fc00000, 0x000000070fe00000, 0x000000070fe00000|100%| O|  |TAMS 0x000000070fc00000| PB 0x000000070fc00000| Untracked 
| 127|0x000000070fe00000, 0x0000000710000000, 0x0000000710000000|100%| O|  |TAMS 0x000000070fe00000| PB 0x000000070fe00000| Untracked 
| 128|0x0000000710000000, 0x0000000710200000, 0x0000000710200000|100%|HS|  |TAMS 0x0000000710000000| PB 0x0000000710000000| Complete 
| 129|0x0000000710200000, 0x0000000710400000, 0x0000000710400000|100%|HC|  |TAMS 0x0000000710200000| PB 0x0000000710200000| Complete 
| 130|0x0000000710400000, 0x0000000710600000, 0x0000000710600000|100%| O|Cm|TAMS 0x0000000710400000| PB 0x0000000710400000| Complete 
| 131|0x0000000710600000, 0x0000000710800000, 0x0000000710800000|100%| O|  |TAMS 0x0000000710600000| PB 0x0000000710600000| Untracked 
| 132|0x0000000710800000, 0x0000000710a00000, 0x0000000710a00000|100%| O|  |TAMS 0x0000000710800000| PB 0x0000000710800000| Untracked 
| 133|0x0000000710a00000, 0x0000000710c00000, 0x0000000710c00000|100%|HS|  |TAMS 0x0000000710a00000| PB 0x0000000710a00000| Complete 
| 134|0x0000000710c00000, 0x0000000710e00000, 0x0000000710e00000|100%|HC|  |TAMS 0x0000000710c00000| PB 0x0000000710c00000| Complete 
| 135|0x0000000710e00000, 0x0000000711000000, 0x0000000711000000|100%| O|  |TAMS 0x0000000710e00000| PB 0x0000000710e00000| Untracked 
| 136|0x0000000711000000, 0x0000000711200000, 0x0000000711200000|100%| O|  |TAMS 0x0000000711000000| PB 0x0000000711000000| Untracked 
| 137|0x0000000711200000, 0x0000000711400000, 0x0000000711400000|100%|HS|  |TAMS 0x0000000711200000| PB 0x0000000711200000| Complete 
| 138|0x0000000711400000, 0x0000000711600000, 0x0000000711600000|100%| O|  |TAMS 0x0000000711400000| PB 0x0000000711400000| Untracked 
| 139|0x0000000711600000, 0x0000000711800000, 0x0000000711800000|100%| O|  |TAMS 0x0000000711600000| PB 0x0000000711600000| Untracked 
| 140|0x0000000711800000, 0x0000000711a00000, 0x0000000711a00000|100%| O|  |TAMS 0x0000000711800000| PB 0x0000000711800000| Untracked 
| 141|0x0000000711a00000, 0x0000000711c00000, 0x0000000711c00000|100%| O|  |TAMS 0x0000000711a00000| PB 0x0000000711a00000| Untracked 
| 142|0x0000000711c00000, 0x0000000711e00000, 0x0000000711e00000|100%| O|  |TAMS 0x0000000711c00000| PB 0x0000000711c00000| Untracked 
| 143|0x0000000711e00000, 0x0000000712000000, 0x0000000712000000|100%| O|  |TAMS 0x0000000711e00000| PB 0x0000000711e00000| Untracked 
| 144|0x0000000712000000, 0x0000000712200000, 0x0000000712200000|100%| O|  |TAMS 0x0000000712000000| PB 0x0000000712000000| Untracked 
| 145|0x0000000712200000, 0x0000000712400000, 0x0000000712400000|100%| O|  |TAMS 0x0000000712200000| PB 0x0000000712200000| Untracked 
| 146|0x0000000712400000, 0x0000000712600000, 0x0000000712600000|100%| O|  |TAMS 0x0000000712400000| PB 0x0000000712400000| Untracked 
| 147|0x0000000712600000, 0x0000000712800000, 0x0000000712800000|100%| O|  |TAMS 0x0000000712600000| PB 0x0000000712600000| Untracked 
| 148|0x0000000712800000, 0x0000000712a00000, 0x0000000712a00000|100%| O|  |TAMS 0x0000000712800000| PB 0x0000000712800000| Untracked 
| 149|0x0000000712a00000, 0x0000000712c00000, 0x0000000712c00000|100%| O|  |TAMS 0x0000000712a00000| PB 0x0000000712a00000| Untracked 
| 150|0x0000000712c00000, 0x0000000712e00000, 0x0000000712e00000|100%| O|  |TAMS 0x0000000712c00000| PB 0x0000000712c00000| Untracked 
| 151|0x0000000712e00000, 0x0000000713000000, 0x0000000713000000|100%| O|  |TAMS 0x0000000712e00000| PB 0x0000000712e00000| Untracked 
| 152|0x0000000713000000, 0x0000000713200000, 0x0000000713200000|100%| O|Cm|TAMS 0x0000000713000000| PB 0x0000000713000000| Complete 
| 153|0x0000000713200000, 0x0000000713400000, 0x0000000713400000|100%| O|  |TAMS 0x0000000713200000| PB 0x0000000713200000| Untracked 
| 154|0x0000000713400000, 0x0000000713600000, 0x0000000713600000|100%| O|  |TAMS 0x0000000713400000| PB 0x0000000713400000| Untracked 
| 155|0x0000000713600000, 0x0000000713800000, 0x0000000713800000|100%| O|  |TAMS 0x0000000713600000| PB 0x0000000713600000| Untracked 
| 156|0x0000000713800000, 0x0000000713a00000, 0x0000000713a00000|100%| O|  |TAMS 0x0000000713800000| PB 0x0000000713800000| Untracked 
| 157|0x0000000713a00000, 0x0000000713c00000, 0x0000000713c00000|100%| O|  |TAMS 0x0000000713a00000| PB 0x0000000713a00000| Untracked 
| 158|0x0000000713c00000, 0x0000000713e00000, 0x0000000713e00000|100%| O|  |TAMS 0x0000000713c00000| PB 0x0000000713c00000| Untracked 
| 159|0x0000000713e00000, 0x0000000714000000, 0x0000000714000000|100%| O|  |TAMS 0x0000000713e00000| PB 0x0000000713e00000| Untracked 
| 160|0x0000000714000000, 0x0000000714200000, 0x0000000714200000|100%|HS|  |TAMS 0x0000000714000000| PB 0x0000000714000000| Complete 
| 161|0x0000000714200000, 0x0000000714400000, 0x0000000714400000|100%|HC|  |TAMS 0x0000000714200000| PB 0x0000000714200000| Complete 
| 162|0x0000000714400000, 0x0000000714600000, 0x0000000714600000|100%| O|Cm|TAMS 0x0000000714400000| PB 0x0000000714400000| Complete 
| 163|0x0000000714600000, 0x0000000714800000, 0x0000000714800000|100%| O|Cm|TAMS 0x0000000714600000| PB 0x0000000714600000| Complete 
| 164|0x0000000714800000, 0x0000000714800000, 0x0000000714a00000|  0%| F|  |TAMS 0x0000000714800000| PB 0x0000000714800000| Untracked 
| 165|0x0000000714a00000, 0x0000000714c00000, 0x0000000714c00000|100%| O|  |TAMS 0x0000000714a00000| PB 0x0000000714a00000| Untracked 
| 166|0x0000000714c00000, 0x0000000714e00000, 0x0000000714e00000|100%| O|  |TAMS 0x0000000714c00000| PB 0x0000000714c00000| Untracked 
| 167|0x0000000714e00000, 0x0000000715000000, 0x0000000715000000|100%| O|  |TAMS 0x0000000714e00000| PB 0x0000000714e00000| Untracked 
| 168|0x0000000715000000, 0x0000000715200000, 0x0000000715200000|100%| O|Cm|TAMS 0x0000000715000000| PB 0x0000000715000000| Complete 
| 169|0x0000000715200000, 0x0000000715400000, 0x0000000715400000|100%| O|  |TAMS 0x0000000715200000| PB 0x0000000715200000| Untracked 
| 170|0x0000000715400000, 0x0000000715600000, 0x0000000715600000|100%| O|  |TAMS 0x0000000715400000| PB 0x0000000715400000| Untracked 
| 171|0x0000000715600000, 0x0000000715800000, 0x0000000715800000|100%|HS|  |TAMS 0x0000000715600000| PB 0x0000000715600000| Complete 
| 172|0x0000000715800000, 0x0000000715a00000, 0x0000000715a00000|100%| O|  |TAMS 0x0000000715800000| PB 0x0000000715800000| Untracked 
| 173|0x0000000715a00000, 0x0000000715c00000, 0x0000000715c00000|100%| O|  |TAMS 0x0000000715a00000| PB 0x0000000715a00000| Untracked 
| 174|0x0000000715c00000, 0x0000000715e00000, 0x0000000715e00000|100%|HS|  |TAMS 0x0000000715c00000| PB 0x0000000715c00000| Complete 
| 175|0x0000000715e00000, 0x0000000716000000, 0x0000000716000000|100%|HS|  |TAMS 0x0000000715e00000| PB 0x0000000715e00000| Complete 
| 176|0x0000000716000000, 0x0000000716000000, 0x0000000716200000|  0%| F|  |TAMS 0x0000000716000000| PB 0x0000000716000000| Untracked 
| 177|0x0000000716200000, 0x0000000716400000, 0x0000000716400000|100%| O|  |TAMS 0x0000000716200000| PB 0x0000000716200000| Untracked 
| 178|0x0000000716400000, 0x0000000716600000, 0x0000000716600000|100%| O|  |TAMS 0x0000000716400000| PB 0x0000000716400000| Untracked 
| 179|0x0000000716600000, 0x0000000716800000, 0x0000000716800000|100%| O|  |TAMS 0x0000000716600000| PB 0x0000000716600000| Untracked 
| 180|0x0000000716800000, 0x0000000716a00000, 0x0000000716a00000|100%| O|  |TAMS 0x0000000716800000| PB 0x0000000716800000| Untracked 
| 181|0x0000000716a00000, 0x0000000716c00000, 0x0000000716c00000|100%| O|  |TAMS 0x0000000716a00000| PB 0x0000000716a00000| Untracked 
| 182|0x0000000716c00000, 0x0000000716e00000, 0x0000000716e00000|100%| O|  |TAMS 0x0000000716c00000| PB 0x0000000716c00000| Untracked 
| 183|0x0000000716e00000, 0x0000000716e00000, 0x0000000717000000|  0%| F|  |TAMS 0x0000000716e00000| PB 0x0000000716e00000| Untracked 
| 184|0x0000000717000000, 0x0000000717200000, 0x0000000717200000|100%| O|Cm|TAMS 0x0000000717000000| PB 0x0000000717000000| Complete 
| 185|0x0000000717200000, 0x0000000717400000, 0x0000000717400000|100%| O|  |TAMS 0x0000000717200000| PB 0x0000000717200000| Untracked 
| 186|0x0000000717400000, 0x0000000717600000, 0x0000000717600000|100%| O|  |TAMS 0x0000000717400000| PB 0x0000000717400000| Untracked 
| 187|0x0000000717600000, 0x0000000717800000, 0x0000000717800000|100%| O|Cm|TAMS 0x0000000717600000| PB 0x0000000717600000| Complete 
| 188|0x0000000717800000, 0x0000000717a00000, 0x0000000717a00000|100%| O|  |TAMS 0x0000000717800000| PB 0x0000000717800000| Untracked 
| 189|0x0000000717a00000, 0x0000000717c00000, 0x0000000717c00000|100%| O|Cm|TAMS 0x0000000717a00000| PB 0x0000000717a00000| Complete 
| 190|0x0000000717c00000, 0x0000000717e00000, 0x0000000717e00000|100%| O|  |TAMS 0x0000000717c00000| PB 0x0000000717c00000| Untracked 
| 191|0x0000000717e00000, 0x0000000718000000, 0x0000000718000000|100%| O|  |TAMS 0x0000000717e00000| PB 0x0000000717e00000| Untracked 
| 192|0x0000000718000000, 0x0000000718200000, 0x0000000718200000|100%| O|  |TAMS 0x0000000718000000| PB 0x0000000718000000| Untracked 
| 193|0x0000000718200000, 0x0000000718400000, 0x0000000718400000|100%| O|  |TAMS 0x0000000718200000| PB 0x0000000718200000| Untracked 
| 194|0x0000000718400000, 0x0000000718600000, 0x0000000718600000|100%| O|  |TAMS 0x0000000718400000| PB 0x0000000718400000| Untracked 
| 195|0x0000000718600000, 0x0000000718800000, 0x0000000718800000|100%| O|  |TAMS 0x0000000718600000| PB 0x0000000718600000| Untracked 
| 196|0x0000000718800000, 0x0000000718a00000, 0x0000000718a00000|100%| O|  |TAMS 0x0000000718800000| PB 0x0000000718800000| Untracked 
| 197|0x0000000718a00000, 0x0000000718c00000, 0x0000000718c00000|100%| O|  |TAMS 0x0000000718a00000| PB 0x0000000718a00000| Untracked 
| 198|0x0000000718c00000, 0x0000000718e00000, 0x0000000718e00000|100%| O|  |TAMS 0x0000000718c00000| PB 0x0000000718c00000| Untracked 
| 199|0x0000000718e00000, 0x0000000719000000, 0x0000000719000000|100%| O|  |TAMS 0x0000000718e00000| PB 0x0000000718e00000| Untracked 
| 200|0x0000000719000000, 0x0000000719200000, 0x0000000719200000|100%| O|Cm|TAMS 0x0000000719000000| PB 0x0000000719000000| Complete 
| 201|0x0000000719200000, 0x0000000719400000, 0x0000000719400000|100%| O|  |TAMS 0x0000000719200000| PB 0x0000000719200000| Untracked 
| 202|0x0000000719400000, 0x0000000719600000, 0x0000000719600000|100%| O|  |TAMS 0x0000000719400000| PB 0x0000000719400000| Untracked 
| 203|0x0000000719600000, 0x0000000719800000, 0x0000000719800000|100%| O|  |TAMS 0x0000000719600000| PB 0x0000000719600000| Untracked 
| 204|0x0000000719800000, 0x0000000719a00000, 0x0000000719a00000|100%| O|  |TAMS 0x0000000719800000| PB 0x0000000719800000| Untracked 
| 205|0x0000000719a00000, 0x0000000719c00000, 0x0000000719c00000|100%| O|  |TAMS 0x0000000719a00000| PB 0x0000000719a00000| Untracked 
| 206|0x0000000719c00000, 0x0000000719e00000, 0x0000000719e00000|100%| O|  |TAMS 0x0000000719c00000| PB 0x0000000719c00000| Untracked 
| 207|0x0000000719e00000, 0x000000071a000000, 0x000000071a000000|100%| O|Cm|TAMS 0x0000000719e00000| PB 0x0000000719e00000| Complete 
| 208|0x000000071a000000, 0x000000071a200000, 0x000000071a200000|100%| O|  |TAMS 0x000000071a000000| PB 0x000000071a000000| Untracked 
| 209|0x000000071a200000, 0x000000071a400000, 0x000000071a400000|100%| O|  |TAMS 0x000000071a200000| PB 0x000000071a200000| Untracked 
| 210|0x000000071a400000, 0x000000071a600000, 0x000000071a600000|100%| O|  |TAMS 0x000000071a400000| PB 0x000000071a400000| Untracked 
| 211|0x000000071a600000, 0x000000071a800000, 0x000000071a800000|100%| O|  |TAMS 0x000000071a600000| PB 0x000000071a600000| Untracked 
| 212|0x000000071a800000, 0x000000071aa00000, 0x000000071aa00000|100%| O|  |TAMS 0x000000071a800000| PB 0x000000071a800000| Untracked 
| 213|0x000000071aa00000, 0x000000071ac00000, 0x000000071ac00000|100%| O|  |TAMS 0x000000071aa00000| PB 0x000000071aa00000| Untracked 
| 214|0x000000071ac00000, 0x000000071ae00000, 0x000000071ae00000|100%| O|Cm|TAMS 0x000000071ac00000| PB 0x000000071ac00000| Complete 
| 215|0x000000071ae00000, 0x000000071ae00000, 0x000000071b000000|  0%| F|  |TAMS 0x000000071ae00000| PB 0x000000071ae00000| Untracked 
| 216|0x000000071b000000, 0x000000071b000000, 0x000000071b200000|  0%| F|  |TAMS 0x000000071b000000| PB 0x000000071b000000| Untracked 
| 217|0x000000071b200000, 0x000000071b200000, 0x000000071b400000|  0%| F|  |TAMS 0x000000071b200000| PB 0x000000071b200000| Untracked 
| 218|0x000000071b400000, 0x000000071b600000, 0x000000071b600000|100%| O|  |TAMS 0x000000071b400000| PB 0x000000071b400000| Untracked 
| 219|0x000000071b600000, 0x000000071b800000, 0x000000071b800000|100%| O|  |TAMS 0x000000071b600000| PB 0x000000071b600000| Untracked 
| 220|0x000000071b800000, 0x000000071ba00000, 0x000000071ba00000|100%| O|  |TAMS 0x000000071b800000| PB 0x000000071b800000| Untracked 
| 221|0x000000071ba00000, 0x000000071bc00000, 0x000000071bc00000|100%| O|  |TAMS 0x000000071ba00000| PB 0x000000071ba00000| Untracked 
| 222|0x000000071bc00000, 0x000000071be00000, 0x000000071be00000|100%| O|  |TAMS 0x000000071bc00000| PB 0x000000071bc00000| Untracked 
| 223|0x000000071be00000, 0x000000071be00000, 0x000000071c000000|  0%| F|  |TAMS 0x000000071be00000| PB 0x000000071be00000| Untracked 
| 224|0x000000071c000000, 0x000000071c000000, 0x000000071c200000|  0%| F|  |TAMS 0x000000071c000000| PB 0x000000071c000000| Untracked 
| 225|0x000000071c200000, 0x000000071c400000, 0x000000071c400000|100%|HS|  |TAMS 0x000000071c200000| PB 0x000000071c200000| Complete 
| 226|0x000000071c400000, 0x000000071c600000, 0x000000071c600000|100%|HC|  |TAMS 0x000000071c400000| PB 0x000000071c400000| Complete 
| 227|0x000000071c600000, 0x000000071c800000, 0x000000071c800000|100%| O|  |TAMS 0x000000071c600000| PB 0x000000071c600000| Untracked 
| 228|0x000000071c800000, 0x000000071ca00000, 0x000000071ca00000|100%| O|  |TAMS 0x000000071c800000| PB 0x000000071c800000| Untracked 
| 229|0x000000071ca00000, 0x000000071cc00000, 0x000000071cc00000|100%| O|Cm|TAMS 0x000000071ca00000| PB 0x000000071ca00000| Complete 
| 230|0x000000071cc00000, 0x000000071ce00000, 0x000000071ce00000|100%| O|  |TAMS 0x000000071cc00000| PB 0x000000071cc00000| Untracked 
| 231|0x000000071ce00000, 0x000000071ce00000, 0x000000071d000000|  0%| F|  |TAMS 0x000000071ce00000| PB 0x000000071ce00000| Untracked 
| 232|0x000000071d000000, 0x000000071d200000, 0x000000071d200000|100%| O|Cm|TAMS 0x000000071d000000| PB 0x000000071d000000| Complete 
| 233|0x000000071d200000, 0x000000071d400000, 0x000000071d400000|100%| O|  |TAMS 0x000000071d200000| PB 0x000000071d200000| Untracked 
| 234|0x000000071d400000, 0x000000071d600000, 0x000000071d600000|100%| O|  |TAMS 0x000000071d400000| PB 0x000000071d400000| Untracked 
| 235|0x000000071d600000, 0x000000071d800000, 0x000000071d800000|100%| O|  |TAMS 0x000000071d600000| PB 0x000000071d600000| Untracked 
| 236|0x000000071d800000, 0x000000071da00000, 0x000000071da00000|100%| O|  |TAMS 0x000000071d800000| PB 0x000000071d800000| Untracked 
| 237|0x000000071da00000, 0x000000071dc00000, 0x000000071dc00000|100%| O|  |TAMS 0x000000071da00000| PB 0x000000071da00000| Untracked 
| 238|0x000000071dc00000, 0x000000071de00000, 0x000000071de00000|100%| O|  |TAMS 0x000000071dc00000| PB 0x000000071dc00000| Untracked 
| 239|0x000000071de00000, 0x000000071e000000, 0x000000071e000000|100%| O|Cm|TAMS 0x000000071de00000| PB 0x000000071de00000| Complete 
| 240|0x000000071e000000, 0x000000071e200000, 0x000000071e200000|100%| O|Cm|TAMS 0x000000071e000000| PB 0x000000071e000000| Complete 
| 241|0x000000071e200000, 0x000000071e400000, 0x000000071e400000|100%| O|  |TAMS 0x000000071e200000| PB 0x000000071e200000| Untracked 
| 242|0x000000071e400000, 0x000000071e600000, 0x000000071e600000|100%| O|  |TAMS 0x000000071e400000| PB 0x000000071e400000| Untracked 
| 243|0x000000071e600000, 0x000000071e800000, 0x000000071e800000|100%| O|  |TAMS 0x000000071e600000| PB 0x000000071e600000| Untracked 
| 244|0x000000071e800000, 0x000000071ea00000, 0x000000071ea00000|100%| O|  |TAMS 0x000000071e800000| PB 0x000000071e800000| Untracked 
| 245|0x000000071ea00000, 0x000000071ec00000, 0x000000071ec00000|100%| O|  |TAMS 0x000000071ea00000| PB 0x000000071ea00000| Untracked 
| 246|0x000000071ec00000, 0x000000071ec00000, 0x000000071ee00000|  0%| F|  |TAMS 0x000000071ec00000| PB 0x000000071ec00000| Untracked 
| 247|0x000000071ee00000, 0x000000071f000000, 0x000000071f000000|100%| O|  |TAMS 0x000000071ee00000| PB 0x000000071ee00000| Untracked 
| 248|0x000000071f000000, 0x000000071f000000, 0x000000071f200000|  0%| F|  |TAMS 0x000000071f000000| PB 0x000000071f000000| Untracked 
| 249|0x000000071f200000, 0x000000071f400000, 0x000000071f400000|100%| O|  |TAMS 0x000000071f200000| PB 0x000000071f200000| Untracked 
| 250|0x000000071f400000, 0x000000071f600000, 0x000000071f600000|100%| O|  |TAMS 0x000000071f400000| PB 0x000000071f400000| Untracked 
| 251|0x000000071f600000, 0x000000071f800000, 0x000000071f800000|100%| O|  |TAMS 0x000000071f600000| PB 0x000000071f600000| Untracked 
| 252|0x000000071f800000, 0x000000071fa00000, 0x000000071fa00000|100%| O|  |TAMS 0x000000071f800000| PB 0x000000071f800000| Untracked 
| 253|0x000000071fa00000, 0x000000071fc00000, 0x000000071fc00000|100%| O|Cm|TAMS 0x000000071fa00000| PB 0x000000071fa00000| Complete 
| 254|0x000000071fc00000, 0x000000071fe00000, 0x000000071fe00000|100%| O|Cm|TAMS 0x000000071fc00000| PB 0x000000071fc00000| Complete 
| 255|0x000000071fe00000, 0x0000000720000000, 0x0000000720000000|100%| O|  |TAMS 0x000000071fe00000| PB 0x000000071fe00000| Untracked 
| 256|0x0000000720000000, 0x0000000720000000, 0x0000000720200000|  0%| F|  |TAMS 0x0000000720000000| PB 0x0000000720000000| Untracked 
| 257|0x0000000720200000, 0x0000000720400000, 0x0000000720400000|100%| O|  |TAMS 0x0000000720200000| PB 0x0000000720200000| Untracked 
| 258|0x0000000720400000, 0x0000000720600000, 0x0000000720600000|100%| O|  |TAMS 0x0000000720400000| PB 0x0000000720400000| Untracked 
| 259|0x0000000720600000, 0x0000000720800000, 0x0000000720800000|100%| O|  |TAMS 0x0000000720600000| PB 0x0000000720600000| Untracked 
| 260|0x0000000720800000, 0x0000000720a00000, 0x0000000720a00000|100%| O|  |TAMS 0x0000000720800000| PB 0x0000000720800000| Untracked 
| 261|0x0000000720a00000, 0x0000000720c00000, 0x0000000720c00000|100%| O|Cm|TAMS 0x0000000720a00000| PB 0x0000000720a00000| Complete 
| 262|0x0000000720c00000, 0x0000000720e00000, 0x0000000720e00000|100%| O|  |TAMS 0x0000000720c00000| PB 0x0000000720c00000| Untracked 
| 263|0x0000000720e00000, 0x0000000721000000, 0x0000000721000000|100%| O|Cm|TAMS 0x0000000720e00000| PB 0x0000000720e00000| Complete 
| 264|0x0000000721000000, 0x0000000721200000, 0x0000000721200000|100%| O|  |TAMS 0x0000000721000000| PB 0x0000000721000000| Untracked 
| 265|0x0000000721200000, 0x0000000721400000, 0x0000000721400000|100%| O|Cm|TAMS 0x0000000721200000| PB 0x0000000721200000| Complete 
| 266|0x0000000721400000, 0x0000000721600000, 0x0000000721600000|100%| O|  |TAMS 0x0000000721400000| PB 0x0000000721400000| Untracked 
| 267|0x0000000721600000, 0x0000000721800000, 0x0000000721800000|100%| O|  |TAMS 0x0000000721600000| PB 0x0000000721600000| Untracked 
| 268|0x0000000721800000, 0x0000000721a00000, 0x0000000721a00000|100%| O|  |TAMS 0x0000000721800000| PB 0x0000000721800000| Untracked 
| 269|0x0000000721a00000, 0x0000000721c00000, 0x0000000721c00000|100%| O|  |TAMS 0x0000000721a00000| PB 0x0000000721a00000| Untracked 
| 270|0x0000000721c00000, 0x0000000721e00000, 0x0000000721e00000|100%| O|  |TAMS 0x0000000721c00000| PB 0x0000000721c00000| Untracked 
| 271|0x0000000721e00000, 0x0000000722000000, 0x0000000722000000|100%| O|Cm|TAMS 0x0000000721e00000| PB 0x0000000721e00000| Complete 
| 272|0x0000000722000000, 0x0000000722200000, 0x0000000722200000|100%| O|  |TAMS 0x0000000722000000| PB 0x0000000722000000| Untracked 
| 273|0x0000000722200000, 0x0000000722200000, 0x0000000722400000|  0%| F|  |TAMS 0x0000000722200000| PB 0x0000000722200000| Untracked 
| 274|0x0000000722400000, 0x0000000722600000, 0x0000000722600000|100%| O|  |TAMS 0x0000000722400000| PB 0x0000000722400000| Untracked 
| 275|0x0000000722600000, 0x0000000722800000, 0x0000000722800000|100%| O|Cm|TAMS 0x0000000722600000| PB 0x0000000722600000| Complete 
| 276|0x0000000722800000, 0x0000000722a00000, 0x0000000722a00000|100%| O|Cm|TAMS 0x0000000722800000| PB 0x0000000722800000| Complete 
| 277|0x0000000722a00000, 0x0000000722c00000, 0x0000000722c00000|100%| O|Cm|TAMS 0x0000000722a00000| PB 0x0000000722a00000| Complete 
| 278|0x0000000722c00000, 0x0000000722e00000, 0x0000000722e00000|100%| O|Cm|TAMS 0x0000000722c00000| PB 0x0000000722c00000| Complete 
| 279|0x0000000722e00000, 0x0000000723000000, 0x0000000723000000|100%| O|Cm|TAMS 0x0000000722e00000| PB 0x0000000722e00000| Complete 
| 280|0x0000000723000000, 0x0000000723200000, 0x0000000723200000|100%| O|  |TAMS 0x0000000723000000| PB 0x0000000723000000| Untracked 
| 281|0x0000000723200000, 0x0000000723400000, 0x0000000723400000|100%| O|Cm|TAMS 0x0000000723200000| PB 0x0000000723200000| Complete 
| 282|0x0000000723400000, 0x0000000723600000, 0x0000000723600000|100%| O|Cm|TAMS 0x0000000723400000| PB 0x0000000723400000| Complete 
| 283|0x0000000723600000, 0x0000000723800000, 0x0000000723800000|100%| O|  |TAMS 0x0000000723600000| PB 0x0000000723600000| Untracked 
| 284|0x0000000723800000, 0x0000000723a00000, 0x0000000723a00000|100%| O|Cm|TAMS 0x0000000723800000| PB 0x0000000723800000| Complete 
| 285|0x0000000723a00000, 0x0000000723c00000, 0x0000000723c00000|100%| O|  |TAMS 0x0000000723a00000| PB 0x0000000723a00000| Untracked 
| 286|0x0000000723c00000, 0x0000000723e00000, 0x0000000723e00000|100%| O|Cm|TAMS 0x0000000723c00000| PB 0x0000000723c00000| Complete 
| 287|0x0000000723e00000, 0x0000000723e00000, 0x0000000724000000|  0%| F|  |TAMS 0x0000000723e00000| PB 0x0000000723e00000| Untracked 
| 288|0x0000000724000000, 0x0000000724000000, 0x0000000724200000|  0%| F|  |TAMS 0x0000000724000000| PB 0x0000000724000000| Untracked 
| 289|0x0000000724200000, 0x0000000724400000, 0x0000000724400000|100%| O|Cm|TAMS 0x0000000724200000| PB 0x0000000724200000| Complete 
| 290|0x0000000724400000, 0x0000000724600000, 0x0000000724600000|100%| O|Cm|TAMS 0x0000000724400000| PB 0x0000000724400000| Complete 
| 291|0x0000000724600000, 0x0000000724800000, 0x0000000724800000|100%| O|Cm|TAMS 0x0000000724600000| PB 0x0000000724600000| Complete 
| 292|0x0000000724800000, 0x0000000724a00000, 0x0000000724a00000|100%| O|  |TAMS 0x0000000724800000| PB 0x0000000724800000| Untracked 
| 293|0x0000000724a00000, 0x0000000724c00000, 0x0000000724c00000|100%| O|  |TAMS 0x0000000724a00000| PB 0x0000000724a00000| Untracked 
| 294|0x0000000724c00000, 0x0000000724e00000, 0x0000000724e00000|100%| O|  |TAMS 0x0000000724c00000| PB 0x0000000724c00000| Untracked 
| 295|0x0000000724e00000, 0x0000000725000000, 0x0000000725000000|100%| O|  |TAMS 0x0000000724e00000| PB 0x0000000724e00000| Untracked 
| 296|0x0000000725000000, 0x0000000725200000, 0x0000000725200000|100%| O|  |TAMS 0x0000000725000000| PB 0x0000000725000000| Untracked 
| 297|0x0000000725200000, 0x0000000725400000, 0x0000000725400000|100%| O|Cm|TAMS 0x0000000725200000| PB 0x0000000725200000| Complete 
| 298|0x0000000725400000, 0x0000000725400000, 0x0000000725600000|  0%| F|  |TAMS 0x0000000725400000| PB 0x0000000725400000| Untracked 
| 299|0x0000000725600000, 0x0000000725800000, 0x0000000725800000|100%| O|  |TAMS 0x0000000725600000| PB 0x0000000725600000| Untracked 
| 300|0x0000000725800000, 0x0000000725a00000, 0x0000000725a00000|100%| O|Cm|TAMS 0x0000000725800000| PB 0x0000000725800000| Complete 
| 301|0x0000000725a00000, 0x0000000725c00000, 0x0000000725c00000|100%| O|  |TAMS 0x0000000725a00000| PB 0x0000000725a00000| Untracked 
| 302|0x0000000725c00000, 0x0000000725e00000, 0x0000000725e00000|100%| O|Cm|TAMS 0x0000000725c00000| PB 0x0000000725c00000| Complete 
| 303|0x0000000725e00000, 0x0000000726000000, 0x0000000726000000|100%| O|Cm|TAMS 0x0000000725e00000| PB 0x0000000725e00000| Complete 
| 304|0x0000000726000000, 0x0000000726200000, 0x0000000726200000|100%| O|Cm|TAMS 0x0000000726000000| PB 0x0000000726000000| Complete 
| 305|0x0000000726200000, 0x0000000726400000, 0x0000000726400000|100%| O|Cm|TAMS 0x0000000726200000| PB 0x0000000726200000| Complete 
| 306|0x0000000726400000, 0x0000000726600000, 0x0000000726600000|100%| O|Cm|TAMS 0x0000000726400000| PB 0x0000000726400000| Complete 
| 307|0x0000000726600000, 0x0000000726800000, 0x0000000726800000|100%| O|Cm|TAMS 0x0000000726600000| PB 0x0000000726600000| Complete 
| 308|0x0000000726800000, 0x0000000726a00000, 0x0000000726a00000|100%| O|Cm|TAMS 0x0000000726800000| PB 0x0000000726800000| Complete 
| 309|0x0000000726a00000, 0x0000000726c00000, 0x0000000726c00000|100%| O|Cm|TAMS 0x0000000726a00000| PB 0x0000000726a00000| Complete 
| 310|0x0000000726c00000, 0x0000000726e00000, 0x0000000726e00000|100%| O|Cm|TAMS 0x0000000726c00000| PB 0x0000000726c00000| Complete 
| 311|0x0000000726e00000, 0x0000000727000000, 0x0000000727000000|100%| O|Cm|TAMS 0x0000000726e00000| PB 0x0000000726e00000| Complete 
| 312|0x0000000727000000, 0x0000000727200000, 0x0000000727200000|100%| O|Cm|TAMS 0x0000000727000000| PB 0x0000000727000000| Complete 
| 313|0x0000000727200000, 0x0000000727400000, 0x0000000727400000|100%| O|  |TAMS 0x0000000727200000| PB 0x0000000727200000| Untracked 
| 314|0x0000000727400000, 0x0000000727400000, 0x0000000727600000|  0%| F|  |TAMS 0x0000000727400000| PB 0x0000000727400000| Untracked 
| 315|0x0000000727600000, 0x0000000727800000, 0x0000000727800000|100%| O|  |TAMS 0x0000000727600000| PB 0x0000000727600000| Untracked 
| 316|0x0000000727800000, 0x0000000727a00000, 0x0000000727a00000|100%| O|Cm|TAMS 0x0000000727800000| PB 0x0000000727800000| Complete 
| 317|0x0000000727a00000, 0x0000000727c00000, 0x0000000727c00000|100%| O|  |TAMS 0x0000000727a00000| PB 0x0000000727a00000| Untracked 
| 318|0x0000000727c00000, 0x0000000727e00000, 0x0000000727e00000|100%| O|Cm|TAMS 0x0000000727c00000| PB 0x0000000727c00000| Complete 
| 319|0x0000000727e00000, 0x0000000728000000, 0x0000000728000000|100%| O|Cm|TAMS 0x0000000727e00000| PB 0x0000000727e00000| Complete 
| 320|0x0000000728000000, 0x0000000728000000, 0x0000000728200000|  0%| F|  |TAMS 0x0000000728000000| PB 0x0000000728000000| Untracked 
| 321|0x0000000728200000, 0x0000000728200000, 0x0000000728400000|  0%| F|  |TAMS 0x0000000728200000| PB 0x0000000728200000| Untracked 
| 322|0x0000000728400000, 0x0000000728600000, 0x0000000728600000|100%| O|  |TAMS 0x0000000728400000| PB 0x0000000728400000| Untracked 
| 323|0x0000000728600000, 0x0000000728600000, 0x0000000728800000|  0%| F|  |TAMS 0x0000000728600000| PB 0x0000000728600000| Untracked 
| 324|0x0000000728800000, 0x0000000728a00000, 0x0000000728a00000|100%| O|  |TAMS 0x0000000728800000| PB 0x0000000728800000| Untracked 
| 325|0x0000000728a00000, 0x0000000728a00000, 0x0000000728c00000|  0%| F|  |TAMS 0x0000000728a00000| PB 0x0000000728a00000| Untracked 
| 326|0x0000000728c00000, 0x0000000728c00000, 0x0000000728e00000|  0%| F|  |TAMS 0x0000000728c00000| PB 0x0000000728c00000| Untracked 
| 327|0x0000000728e00000, 0x0000000729000000, 0x0000000729000000|100%| O|Cm|TAMS 0x0000000728e00000| PB 0x0000000728e00000| Complete 
| 328|0x0000000729000000, 0x0000000729200000, 0x0000000729200000|100%| O|Cm|TAMS 0x0000000729000000| PB 0x0000000729000000| Complete 
| 329|0x0000000729200000, 0x0000000729400000, 0x0000000729400000|100%| O|Cm|TAMS 0x0000000729200000| PB 0x0000000729200000| Complete 
| 330|0x0000000729400000, 0x0000000729600000, 0x0000000729600000|100%| O|  |TAMS 0x0000000729400000| PB 0x0000000729400000| Untracked 
| 331|0x0000000729600000, 0x0000000729800000, 0x0000000729800000|100%| O|Cm|TAMS 0x0000000729600000| PB 0x0000000729600000| Complete 
| 332|0x0000000729800000, 0x0000000729a00000, 0x0000000729a00000|100%| O|Cm|TAMS 0x0000000729800000| PB 0x0000000729800000| Complete 
| 333|0x0000000729a00000, 0x0000000729c00000, 0x0000000729c00000|100%| O|Cm|TAMS 0x0000000729a00000| PB 0x0000000729a00000| Complete 
| 334|0x0000000729c00000, 0x0000000729c00000, 0x0000000729e00000|  0%| F|  |TAMS 0x0000000729c00000| PB 0x0000000729c00000| Untracked 
| 335|0x0000000729e00000, 0x000000072a000000, 0x000000072a000000|100%| O|Cm|TAMS 0x0000000729e00000| PB 0x0000000729e00000| Complete 
| 336|0x000000072a000000, 0x000000072a200000, 0x000000072a200000|100%| O|Cm|TAMS 0x000000072a000000| PB 0x000000072a000000| Complete 
| 337|0x000000072a200000, 0x000000072a400000, 0x000000072a400000|100%| O|Cm|TAMS 0x000000072a200000| PB 0x000000072a200000| Complete 
| 338|0x000000072a400000, 0x000000072a600000, 0x000000072a600000|100%| O|Cm|TAMS 0x000000072a400000| PB 0x000000072a400000| Complete 
| 339|0x000000072a600000, 0x000000072a800000, 0x000000072a800000|100%| O|Cm|TAMS 0x000000072a600000| PB 0x000000072a600000| Complete 
| 340|0x000000072a800000, 0x000000072aa00000, 0x000000072aa00000|100%| O|Cm|TAMS 0x000000072a800000| PB 0x000000072a800000| Complete 
| 341|0x000000072aa00000, 0x000000072ac00000, 0x000000072ac00000|100%| O|  |TAMS 0x000000072aa00000| PB 0x000000072aa00000| Untracked 
| 342|0x000000072ac00000, 0x000000072ae00000, 0x000000072ae00000|100%| O|  |TAMS 0x000000072ac00000| PB 0x000000072ac00000| Untracked 
| 343|0x000000072ae00000, 0x000000072b000000, 0x000000072b000000|100%| O|Cm|TAMS 0x000000072ae00000| PB 0x000000072ae00000| Complete 
| 344|0x000000072b000000, 0x000000072b200000, 0x000000072b200000|100%| O|Cm|TAMS 0x000000072b000000| PB 0x000000072b000000| Complete 
| 345|0x000000072b200000, 0x000000072b400000, 0x000000072b400000|100%| O|Cm|TAMS 0x000000072b200000| PB 0x000000072b200000| Complete 
| 346|0x000000072b400000, 0x000000072b600000, 0x000000072b600000|100%| O|Cm|TAMS 0x000000072b400000| PB 0x000000072b400000| Complete 
| 347|0x000000072b600000, 0x000000072b800000, 0x000000072b800000|100%| O|Cm|TAMS 0x000000072b600000| PB 0x000000072b600000| Complete 
| 348|0x000000072b800000, 0x000000072ba00000, 0x000000072ba00000|100%| O|Cm|TAMS 0x000000072b800000| PB 0x000000072b800000| Complete 
| 349|0x000000072ba00000, 0x000000072bc00000, 0x000000072bc00000|100%| O|Cm|TAMS 0x000000072ba00000| PB 0x000000072ba00000| Complete 
| 350|0x000000072bc00000, 0x000000072be00000, 0x000000072be00000|100%| O|  |TAMS 0x000000072bc00000| PB 0x000000072bc00000| Untracked 
| 351|0x000000072be00000, 0x000000072c000000, 0x000000072c000000|100%| O|  |TAMS 0x000000072be00000| PB 0x000000072be00000| Untracked 
| 352|0x000000072c000000, 0x000000072c200000, 0x000000072c200000|100%| O|  |TAMS 0x000000072c000000| PB 0x000000072c000000| Untracked 
| 353|0x000000072c200000, 0x000000072c400000, 0x000000072c400000|100%| O|  |TAMS 0x000000072c200000| PB 0x000000072c200000| Untracked 
| 354|0x000000072c400000, 0x000000072c600000, 0x000000072c600000|100%| O|Cm|TAMS 0x000000072c400000| PB 0x000000072c400000| Complete 
| 355|0x000000072c600000, 0x000000072c800000, 0x000000072c800000|100%| O|  |TAMS 0x000000072c600000| PB 0x000000072c600000| Untracked 
| 356|0x000000072c800000, 0x000000072ca00000, 0x000000072ca00000|100%| O|Cm|TAMS 0x000000072c800000| PB 0x000000072c800000| Complete 
| 357|0x000000072ca00000, 0x000000072cc00000, 0x000000072cc00000|100%| O|Cm|TAMS 0x000000072ca00000| PB 0x000000072ca00000| Complete 
| 358|0x000000072cc00000, 0x000000072ce00000, 0x000000072ce00000|100%| O|Cm|TAMS 0x000000072cc00000| PB 0x000000072cc00000| Complete 
| 359|0x000000072ce00000, 0x000000072d000000, 0x000000072d000000|100%| O|  |TAMS 0x000000072ce00000| PB 0x000000072ce00000| Untracked 
| 360|0x000000072d000000, 0x000000072d200000, 0x000000072d200000|100%| O|  |TAMS 0x000000072d000000| PB 0x000000072d000000| Untracked 
| 361|0x000000072d200000, 0x000000072d400000, 0x000000072d400000|100%| O|  |TAMS 0x000000072d200000| PB 0x000000072d200000| Untracked 
| 362|0x000000072d400000, 0x000000072d600000, 0x000000072d600000|100%| O|  |TAMS 0x000000072d400000| PB 0x000000072d400000| Untracked 
| 363|0x000000072d600000, 0x000000072d800000, 0x000000072d800000|100%| O|  |TAMS 0x000000072d600000| PB 0x000000072d600000| Untracked 
| 364|0x000000072d800000, 0x000000072da00000, 0x000000072da00000|100%| O|  |TAMS 0x000000072d800000| PB 0x000000072d800000| Untracked 
| 365|0x000000072da00000, 0x000000072da00000, 0x000000072dc00000|  0%| F|  |TAMS 0x000000072da00000| PB 0x000000072da00000| Untracked 
| 366|0x000000072dc00000, 0x000000072de00000, 0x000000072de00000|100%| O|  |TAMS 0x000000072dc00000| PB 0x000000072dc00000| Untracked 
| 367|0x000000072de00000, 0x000000072de00000, 0x000000072e000000|  0%| F|  |TAMS 0x000000072de00000| PB 0x000000072de00000| Untracked 
| 368|0x000000072e000000, 0x000000072e200000, 0x000000072e200000|100%| O|  |TAMS 0x000000072e000000| PB 0x000000072e000000| Untracked 
| 369|0x000000072e200000, 0x000000072e400000, 0x000000072e400000|100%| O|Cm|TAMS 0x000000072e200000| PB 0x000000072e200000| Complete 
| 370|0x000000072e400000, 0x000000072e600000, 0x000000072e600000|100%| O|  |TAMS 0x000000072e400000| PB 0x000000072e400000| Untracked 
| 371|0x000000072e600000, 0x000000072e800000, 0x000000072e800000|100%| O|  |TAMS 0x000000072e600000| PB 0x000000072e600000| Untracked 
| 372|0x000000072e800000, 0x000000072ea00000, 0x000000072ea00000|100%| O|  |TAMS 0x000000072e800000| PB 0x000000072e800000| Untracked 
| 373|0x000000072ea00000, 0x000000072ec00000, 0x000000072ec00000|100%| O|  |TAMS 0x000000072ea00000| PB 0x000000072ea00000| Untracked 
| 374|0x000000072ec00000, 0x000000072ee00000, 0x000000072ee00000|100%| O|  |TAMS 0x000000072ec00000| PB 0x000000072ec00000| Untracked 
| 375|0x000000072ee00000, 0x000000072f000000, 0x000000072f000000|100%| O|  |TAMS 0x000000072ee00000| PB 0x000000072ee00000| Untracked 
| 376|0x000000072f000000, 0x000000072f200000, 0x000000072f200000|100%| O|Cm|TAMS 0x000000072f000000| PB 0x000000072f000000| Complete 
| 377|0x000000072f200000, 0x000000072f400000, 0x000000072f400000|100%| O|Cm|TAMS 0x000000072f200000| PB 0x000000072f200000| Complete 
| 378|0x000000072f400000, 0x000000072f600000, 0x000000072f600000|100%| O|  |TAMS 0x000000072f400000| PB 0x000000072f400000| Untracked 
| 379|0x000000072f600000, 0x000000072f800000, 0x000000072f800000|100%| O|  |TAMS 0x000000072f600000| PB 0x000000072f600000| Untracked 
| 380|0x000000072f800000, 0x000000072fa00000, 0x000000072fa00000|100%| O|Cm|TAMS 0x000000072f800000| PB 0x000000072f800000| Complete 
| 381|0x000000072fa00000, 0x000000072fc00000, 0x000000072fc00000|100%| O|  |TAMS 0x000000072fa00000| PB 0x000000072fa00000| Untracked 
| 382|0x000000072fc00000, 0x000000072fc00000, 0x000000072fe00000|  0%| F|  |TAMS 0x000000072fc00000| PB 0x000000072fc00000| Untracked 
| 383|0x000000072fe00000, 0x000000072fe00000, 0x0000000730000000|  0%| F|  |TAMS 0x000000072fe00000| PB 0x000000072fe00000| Untracked 
| 384|0x0000000730000000, 0x0000000730000000, 0x0000000730200000|  0%| F|  |TAMS 0x0000000730000000| PB 0x0000000730000000| Untracked 
| 385|0x0000000730200000, 0x0000000730200000, 0x0000000730400000|  0%| F|  |TAMS 0x0000000730200000| PB 0x0000000730200000| Untracked 
| 386|0x0000000730400000, 0x0000000730400000, 0x0000000730600000|  0%| F|  |TAMS 0x0000000730400000| PB 0x0000000730400000| Untracked 
| 387|0x0000000730600000, 0x0000000730600000, 0x0000000730800000|  0%| F|  |TAMS 0x0000000730600000| PB 0x0000000730600000| Untracked 
| 388|0x0000000730800000, 0x0000000730a00000, 0x0000000730a00000|100%| O|  |TAMS 0x0000000730800000| PB 0x0000000730800000| Untracked 
| 389|0x0000000730a00000, 0x0000000730c00000, 0x0000000730c00000|100%| O|  |TAMS 0x0000000730a00000| PB 0x0000000730a00000| Untracked 
| 390|0x0000000730c00000, 0x0000000730e00000, 0x0000000730e00000|100%| O|  |TAMS 0x0000000730c00000| PB 0x0000000730c00000| Untracked 
| 391|0x0000000730e00000, 0x0000000731000000, 0x0000000731000000|100%| O|Cm|TAMS 0x0000000730e00000| PB 0x0000000730e00000| Complete 
| 392|0x0000000731000000, 0x0000000731200000, 0x0000000731200000|100%| O|  |TAMS 0x0000000731000000| PB 0x0000000731000000| Untracked 
| 393|0x0000000731200000, 0x0000000731400000, 0x0000000731400000|100%| O|Cm|TAMS 0x0000000731200000| PB 0x0000000731200000| Complete 
| 394|0x0000000731400000, 0x0000000731600000, 0x0000000731600000|100%| O|  |TAMS 0x0000000731400000| PB 0x0000000731400000| Untracked 
| 395|0x0000000731600000, 0x0000000731800000, 0x0000000731800000|100%| O|  |TAMS 0x0000000731600000| PB 0x0000000731600000| Untracked 
| 396|0x0000000731800000, 0x0000000731a00000, 0x0000000731a00000|100%| O|  |TAMS 0x0000000731800000| PB 0x0000000731800000| Untracked 
| 397|0x0000000731a00000, 0x0000000731a00000, 0x0000000731c00000|  0%| F|  |TAMS 0x0000000731a00000| PB 0x0000000731a00000| Untracked 
| 398|0x0000000731c00000, 0x0000000731e00000, 0x0000000731e00000|100%| O|  |TAMS 0x0000000731c00000| PB 0x0000000731c00000| Untracked 
| 399|0x0000000731e00000, 0x0000000732000000, 0x0000000732000000|100%| O|  |TAMS 0x0000000731e00000| PB 0x0000000731e00000| Untracked 
| 400|0x0000000732000000, 0x0000000732200000, 0x0000000732200000|100%| O|  |TAMS 0x0000000732000000| PB 0x0000000732000000| Untracked 
| 401|0x0000000732200000, 0x0000000732400000, 0x0000000732400000|100%| O|  |TAMS 0x0000000732200000| PB 0x0000000732200000| Untracked 
| 402|0x0000000732400000, 0x0000000732400000, 0x0000000732600000|  0%| F|  |TAMS 0x0000000732400000| PB 0x0000000732400000| Untracked 
| 403|0x0000000732600000, 0x0000000732600000, 0x0000000732800000|  0%| F|  |TAMS 0x0000000732600000| PB 0x0000000732600000| Untracked 
| 404|0x0000000732800000, 0x0000000732800000, 0x0000000732a00000|  0%| F|  |TAMS 0x0000000732800000| PB 0x0000000732800000| Untracked 
| 405|0x0000000732a00000, 0x0000000732c00000, 0x0000000732c00000|100%| O|Cm|TAMS 0x0000000732a00000| PB 0x0000000732a00000| Complete 
| 406|0x0000000732c00000, 0x0000000732e00000, 0x0000000732e00000|100%| O|Cm|TAMS 0x0000000732c00000| PB 0x0000000732c00000| Complete 
| 407|0x0000000732e00000, 0x0000000733000000, 0x0000000733000000|100%| O|Cm|TAMS 0x0000000732e00000| PB 0x0000000732e00000| Complete 
| 408|0x0000000733000000, 0x0000000733200000, 0x0000000733200000|100%| O|  |TAMS 0x0000000733000000| PB 0x0000000733000000| Untracked 
| 409|0x0000000733200000, 0x0000000733400000, 0x0000000733400000|100%| O|Cm|TAMS 0x0000000733200000| PB 0x0000000733200000| Complete 
| 410|0x0000000733400000, 0x0000000733600000, 0x0000000733600000|100%| O|Cm|TAMS 0x0000000733400000| PB 0x0000000733400000| Complete 
| 411|0x0000000733600000, 0x0000000733800000, 0x0000000733800000|100%| O|  |TAMS 0x0000000733600000| PB 0x0000000733600000| Untracked 
| 412|0x0000000733800000, 0x0000000733a00000, 0x0000000733a00000|100%| O|  |TAMS 0x0000000733800000| PB 0x0000000733800000| Untracked 
| 413|0x0000000733a00000, 0x0000000733c00000, 0x0000000733c00000|100%| O|  |TAMS 0x0000000733a00000| PB 0x0000000733a00000| Untracked 
| 414|0x0000000733c00000, 0x0000000733e00000, 0x0000000733e00000|100%| O|Cm|TAMS 0x0000000733c00000| PB 0x0000000733c00000| Complete 
| 415|0x0000000733e00000, 0x0000000733e00000, 0x0000000734000000|  0%| F|  |TAMS 0x0000000733e00000| PB 0x0000000733e00000| Untracked 
| 416|0x0000000734000000, 0x0000000734200000, 0x0000000734200000|100%| O|Cm|TAMS 0x0000000734000000| PB 0x0000000734000000| Complete 
| 417|0x0000000734200000, 0x0000000734400000, 0x0000000734400000|100%| O|Cm|TAMS 0x0000000734200000| PB 0x0000000734200000| Complete 
| 418|0x0000000734400000, 0x0000000734600000, 0x0000000734600000|100%| O|  |TAMS 0x0000000734400000| PB 0x0000000734400000| Untracked 
| 419|0x0000000734600000, 0x0000000734800000, 0x0000000734800000|100%| O|Cm|TAMS 0x0000000734600000| PB 0x0000000734600000| Complete 
| 420|0x0000000734800000, 0x0000000734a00000, 0x0000000734a00000|100%| O|  |TAMS 0x0000000734800000| PB 0x0000000734800000| Untracked 
| 421|0x0000000734a00000, 0x0000000734c00000, 0x0000000734c00000|100%| O|  |TAMS 0x0000000734a00000| PB 0x0000000734a00000| Untracked 
| 422|0x0000000734c00000, 0x0000000734e00000, 0x0000000734e00000|100%| O|Cm|TAMS 0x0000000734c00000| PB 0x0000000734c00000| Complete 
| 423|0x0000000734e00000, 0x0000000735000000, 0x0000000735000000|100%| O|Cm|TAMS 0x0000000734e00000| PB 0x0000000734e00000| Complete 
| 424|0x0000000735000000, 0x0000000735000000, 0x0000000735200000|  0%| F|  |TAMS 0x0000000735000000| PB 0x0000000735000000| Untracked 
| 425|0x0000000735200000, 0x0000000735400000, 0x0000000735400000|100%| O|Cm|TAMS 0x0000000735200000| PB 0x0000000735200000| Complete 
| 426|0x0000000735400000, 0x0000000735600000, 0x0000000735600000|100%| O|  |TAMS 0x0000000735400000| PB 0x0000000735400000| Untracked 
| 427|0x0000000735600000, 0x0000000735800000, 0x0000000735800000|100%| O|Cm|TAMS 0x0000000735600000| PB 0x0000000735600000| Complete 
| 428|0x0000000735800000, 0x0000000735a00000, 0x0000000735a00000|100%| O|Cm|TAMS 0x0000000735800000| PB 0x0000000735800000| Complete 
| 429|0x0000000735a00000, 0x0000000735a00000, 0x0000000735c00000|  0%| F|  |TAMS 0x0000000735a00000| PB 0x0000000735a00000| Untracked 
| 430|0x0000000735c00000, 0x0000000735e00000, 0x0000000735e00000|100%| O|Cm|TAMS 0x0000000735c00000| PB 0x0000000735c00000| Complete 
| 431|0x0000000735e00000, 0x0000000736000000, 0x0000000736000000|100%| O|Cm|TAMS 0x0000000735e00000| PB 0x0000000735e00000| Complete 
| 432|0x0000000736000000, 0x0000000736200000, 0x0000000736200000|100%| O|  |TAMS 0x0000000736000000| PB 0x0000000736000000| Untracked 
| 433|0x0000000736200000, 0x0000000736200000, 0x0000000736400000|  0%| F|  |TAMS 0x0000000736200000| PB 0x0000000736200000| Untracked 
| 434|0x0000000736400000, 0x0000000736600000, 0x0000000736600000|100%| O|Cm|TAMS 0x0000000736400000| PB 0x0000000736400000| Complete 
| 435|0x0000000736600000, 0x0000000736600000, 0x0000000736800000|  0%| F|  |TAMS 0x0000000736600000| PB 0x0000000736600000| Untracked 
| 436|0x0000000736800000, 0x0000000736800000, 0x0000000736a00000|  0%| F|  |TAMS 0x0000000736800000| PB 0x0000000736800000| Untracked 
| 437|0x0000000736a00000, 0x0000000736c00000, 0x0000000736c00000|100%| O|  |TAMS 0x0000000736a00000| PB 0x0000000736a00000| Untracked 
| 438|0x0000000736c00000, 0x0000000736c00000, 0x0000000736e00000|  0%| F|  |TAMS 0x0000000736c00000| PB 0x0000000736c00000| Untracked 
| 439|0x0000000736e00000, 0x0000000737000000, 0x0000000737000000|100%| O|Cm|TAMS 0x0000000736e00000| PB 0x0000000736e00000| Complete 
| 440|0x0000000737000000, 0x0000000737200000, 0x0000000737200000|100%| O|Cm|TAMS 0x0000000737000000| PB 0x0000000737000000| Complete 
| 441|0x0000000737200000, 0x0000000737400000, 0x0000000737400000|100%| O|Cm|TAMS 0x0000000737200000| PB 0x0000000737200000| Complete 
| 442|0x0000000737400000, 0x0000000737400000, 0x0000000737600000|  0%| F|  |TAMS 0x0000000737400000| PB 0x0000000737400000| Untracked 
| 443|0x0000000737600000, 0x0000000737800000, 0x0000000737800000|100%| O|Cm|TAMS 0x0000000737600000| PB 0x0000000737600000| Complete 
| 444|0x0000000737800000, 0x0000000737a00000, 0x0000000737a00000|100%| O|  |TAMS 0x0000000737800000| PB 0x0000000737800000| Untracked 
| 445|0x0000000737a00000, 0x0000000737c00000, 0x0000000737c00000|100%| O|Cm|TAMS 0x0000000737a00000| PB 0x0000000737a00000| Complete 
| 446|0x0000000737c00000, 0x0000000737e00000, 0x0000000737e00000|100%| O|Cm|TAMS 0x0000000737c00000| PB 0x0000000737c00000| Complete 
| 447|0x0000000737e00000, 0x0000000738000000, 0x0000000738000000|100%| O|  |TAMS 0x0000000737e00000| PB 0x0000000737e00000| Untracked 
| 448|0x0000000738000000, 0x0000000738200000, 0x0000000738200000|100%| O|  |TAMS 0x0000000738000000| PB 0x0000000738000000| Untracked 
| 449|0x0000000738200000, 0x0000000738400000, 0x0000000738400000|100%| O|  |TAMS 0x0000000738200000| PB 0x0000000738200000| Untracked 
| 450|0x0000000738400000, 0x0000000738600000, 0x0000000738600000|100%| O|  |TAMS 0x0000000738400000| PB 0x0000000738400000| Untracked 
| 451|0x0000000738600000, 0x0000000738800000, 0x0000000738800000|100%| O|  |TAMS 0x0000000738600000| PB 0x0000000738600000| Untracked 
| 452|0x0000000738800000, 0x0000000738a00000, 0x0000000738a00000|100%| O|  |TAMS 0x0000000738800000| PB 0x0000000738800000| Untracked 
| 453|0x0000000738a00000, 0x0000000738c00000, 0x0000000738c00000|100%| O|  |TAMS 0x0000000738a00000| PB 0x0000000738a00000| Untracked 
| 454|0x0000000738c00000, 0x0000000738e00000, 0x0000000738e00000|100%| O|  |TAMS 0x0000000738c00000| PB 0x0000000738c00000| Untracked 
| 455|0x0000000738e00000, 0x0000000739000000, 0x0000000739000000|100%| O|  |TAMS 0x0000000738e00000| PB 0x0000000738e00000| Untracked 
| 456|0x0000000739000000, 0x0000000739200000, 0x0000000739200000|100%| O|Cm|TAMS 0x0000000739000000| PB 0x0000000739000000| Complete 
| 457|0x0000000739200000, 0x0000000739400000, 0x0000000739400000|100%| O|  |TAMS 0x0000000739200000| PB 0x0000000739200000| Untracked 
| 458|0x0000000739400000, 0x0000000739600000, 0x0000000739600000|100%| O|  |TAMS 0x0000000739400000| PB 0x0000000739400000| Untracked 
| 459|0x0000000739600000, 0x0000000739800000, 0x0000000739800000|100%| O|  |TAMS 0x0000000739600000| PB 0x0000000739600000| Untracked 
| 460|0x0000000739800000, 0x0000000739a00000, 0x0000000739a00000|100%| O|  |TAMS 0x0000000739800000| PB 0x0000000739800000| Untracked 
| 461|0x0000000739a00000, 0x0000000739c00000, 0x0000000739c00000|100%| O|Cm|TAMS 0x0000000739a00000| PB 0x0000000739a00000| Complete 
| 462|0x0000000739c00000, 0x0000000739e00000, 0x0000000739e00000|100%| O|Cm|TAMS 0x0000000739c00000| PB 0x0000000739c00000| Complete 
| 463|0x0000000739e00000, 0x0000000739e00000, 0x000000073a000000|  0%| F|  |TAMS 0x0000000739e00000| PB 0x0000000739e00000| Untracked 
| 464|0x000000073a000000, 0x000000073a200000, 0x000000073a200000|100%| O|  |TAMS 0x000000073a000000| PB 0x000000073a000000| Untracked 
| 465|0x000000073a200000, 0x000000073a400000, 0x000000073a400000|100%| O|Cm|TAMS 0x000000073a200000| PB 0x000000073a200000| Complete 
| 466|0x000000073a400000, 0x000000073a600000, 0x000000073a600000|100%| O|Cm|TAMS 0x000000073a400000| PB 0x000000073a400000| Complete 
| 467|0x000000073a600000, 0x000000073a800000, 0x000000073a800000|100%| O|  |TAMS 0x000000073a600000| PB 0x000000073a600000| Untracked 
| 468|0x000000073a800000, 0x000000073aa00000, 0x000000073aa00000|100%| O|  |TAMS 0x000000073a800000| PB 0x000000073a800000| Untracked 
| 469|0x000000073aa00000, 0x000000073ac00000, 0x000000073ac00000|100%| O|  |TAMS 0x000000073aa00000| PB 0x000000073aa00000| Untracked 
| 470|0x000000073ac00000, 0x000000073ae00000, 0x000000073ae00000|100%| O|Cm|TAMS 0x000000073ac00000| PB 0x000000073ac00000| Complete 
| 471|0x000000073ae00000, 0x000000073b000000, 0x000000073b000000|100%| O|  |TAMS 0x000000073ae00000| PB 0x000000073ae00000| Untracked 
| 472|0x000000073b000000, 0x000000073b200000, 0x000000073b200000|100%| O|Cm|TAMS 0x000000073b000000| PB 0x000000073b000000| Complete 
| 473|0x000000073b200000, 0x000000073b400000, 0x000000073b400000|100%| O|Cm|TAMS 0x000000073b200000| PB 0x000000073b200000| Complete 
| 474|0x000000073b400000, 0x000000073b600000, 0x000000073b600000|100%| O|Cm|TAMS 0x000000073b400000| PB 0x000000073b400000| Complete 
| 475|0x000000073b600000, 0x000000073b800000, 0x000000073b800000|100%| O|Cm|TAMS 0x000000073b600000| PB 0x000000073b600000| Complete 
| 476|0x000000073b800000, 0x000000073ba00000, 0x000000073ba00000|100%| O|Cm|TAMS 0x000000073b800000| PB 0x000000073b800000| Complete 
| 477|0x000000073ba00000, 0x000000073ba00000, 0x000000073bc00000|  0%| F|  |TAMS 0x000000073ba00000| PB 0x000000073ba00000| Untracked 
| 478|0x000000073bc00000, 0x000000073bc00000, 0x000000073be00000|  0%| F|  |TAMS 0x000000073bc00000| PB 0x000000073bc00000| Untracked 
| 479|0x000000073be00000, 0x000000073be00000, 0x000000073c000000|  0%| F|  |TAMS 0x000000073be00000| PB 0x000000073be00000| Untracked 
| 480|0x000000073c000000, 0x000000073c000000, 0x000000073c200000|  0%| F|  |TAMS 0x000000073c000000| PB 0x000000073c000000| Untracked 
| 481|0x000000073c200000, 0x000000073c200000, 0x000000073c400000|  0%| F|  |TAMS 0x000000073c200000| PB 0x000000073c200000| Untracked 
| 482|0x000000073c400000, 0x000000073c400000, 0x000000073c600000|  0%| F|  |TAMS 0x000000073c400000| PB 0x000000073c400000| Untracked 
| 483|0x000000073c600000, 0x000000073c600000, 0x000000073c800000|  0%| F|  |TAMS 0x000000073c600000| PB 0x000000073c600000| Untracked 
| 484|0x000000073c800000, 0x000000073c800000, 0x000000073ca00000|  0%| F|  |TAMS 0x000000073c800000| PB 0x000000073c800000| Untracked 
| 485|0x000000073ca00000, 0x000000073ca00000, 0x000000073cc00000|  0%| F|  |TAMS 0x000000073ca00000| PB 0x000000073ca00000| Untracked 
| 486|0x000000073cc00000, 0x000000073cc00000, 0x000000073ce00000|  0%| F|  |TAMS 0x000000073cc00000| PB 0x000000073cc00000| Untracked 
| 487|0x000000073ce00000, 0x000000073ce00000, 0x000000073d000000|  0%| F|  |TAMS 0x000000073ce00000| PB 0x000000073ce00000| Untracked 
| 488|0x000000073d000000, 0x000000073d000000, 0x000000073d200000|  0%| F|  |TAMS 0x000000073d000000| PB 0x000000073d000000| Untracked 
| 489|0x000000073d200000, 0x000000073d200000, 0x000000073d400000|  0%| F|  |TAMS 0x000000073d200000| PB 0x000000073d200000| Untracked 
| 490|0x000000073d400000, 0x000000073d400000, 0x000000073d600000|  0%| F|  |TAMS 0x000000073d400000| PB 0x000000073d400000| Untracked 
| 491|0x000000073d600000, 0x000000073d600000, 0x000000073d800000|  0%| F|  |TAMS 0x000000073d600000| PB 0x000000073d600000| Untracked 
| 492|0x000000073d800000, 0x000000073d800000, 0x000000073da00000|  0%| F|  |TAMS 0x000000073d800000| PB 0x000000073d800000| Untracked 
| 493|0x000000073da00000, 0x000000073da00000, 0x000000073dc00000|  0%| F|  |TAMS 0x000000073da00000| PB 0x000000073da00000| Untracked 
| 494|0x000000073dc00000, 0x000000073dc00000, 0x000000073de00000|  0%| F|  |TAMS 0x000000073dc00000| PB 0x000000073dc00000| Untracked 
| 495|0x000000073de00000, 0x000000073de00000, 0x000000073e000000|  0%| F|  |TAMS 0x000000073de00000| PB 0x000000073de00000| Untracked 
| 496|0x000000073e000000, 0x000000073e000000, 0x000000073e200000|  0%| F|  |TAMS 0x000000073e000000| PB 0x000000073e000000| Untracked 
| 497|0x000000073e200000, 0x000000073e200000, 0x000000073e400000|  0%| F|  |TAMS 0x000000073e200000| PB 0x000000073e200000| Untracked 
| 498|0x000000073e400000, 0x000000073e400000, 0x000000073e600000|  0%| F|  |TAMS 0x000000073e400000| PB 0x000000073e400000| Untracked 
| 499|0x000000073e600000, 0x000000073e600000, 0x000000073e800000|  0%| F|  |TAMS 0x000000073e600000| PB 0x000000073e600000| Untracked 
| 500|0x000000073e800000, 0x000000073e800000, 0x000000073ea00000|  0%| F|  |TAMS 0x000000073e800000| PB 0x000000073e800000| Untracked 
| 501|0x000000073ea00000, 0x000000073ea00000, 0x000000073ec00000|  0%| F|  |TAMS 0x000000073ea00000| PB 0x000000073ea00000| Untracked 
| 502|0x000000073ec00000, 0x000000073ec00000, 0x000000073ee00000|  0%| F|  |TAMS 0x000000073ec00000| PB 0x000000073ec00000| Untracked 
| 503|0x000000073ee00000, 0x000000073ee00000, 0x000000073f000000|  0%| F|  |TAMS 0x000000073ee00000| PB 0x000000073ee00000| Untracked 
| 504|0x000000073f000000, 0x000000073f000000, 0x000000073f200000|  0%| F|  |TAMS 0x000000073f000000| PB 0x000000073f000000| Untracked 
| 505|0x000000073f200000, 0x000000073f200000, 0x000000073f400000|  0%| F|  |TAMS 0x000000073f200000| PB 0x000000073f200000| Untracked 
| 506|0x000000073f400000, 0x000000073f400000, 0x000000073f600000|  0%| F|  |TAMS 0x000000073f400000| PB 0x000000073f400000| Untracked 
| 507|0x000000073f600000, 0x000000073f600000, 0x000000073f800000|  0%| F|  |TAMS 0x000000073f600000| PB 0x000000073f600000| Untracked 
| 508|0x000000073f800000, 0x000000073f800000, 0x000000073fa00000|  0%| F|  |TAMS 0x000000073f800000| PB 0x000000073f800000| Untracked 
| 509|0x000000073fa00000, 0x000000073fa00000, 0x000000073fc00000|  0%| F|  |TAMS 0x000000073fa00000| PB 0x000000073fa00000| Untracked 
| 510|0x000000073fc00000, 0x000000073fc00000, 0x000000073fe00000|  0%| F|  |TAMS 0x000000073fc00000| PB 0x000000073fc00000| Untracked 
| 511|0x000000073fe00000, 0x000000073fe00000, 0x0000000740000000|  0%| F|  |TAMS 0x000000073fe00000| PB 0x000000073fe00000| Untracked 
| 512|0x0000000740000000, 0x0000000740000000, 0x0000000740200000|  0%| F|  |TAMS 0x0000000740000000| PB 0x0000000740000000| Untracked 
| 513|0x0000000740200000, 0x0000000740200000, 0x0000000740400000|  0%| F|  |TAMS 0x0000000740200000| PB 0x0000000740200000| Untracked 
| 514|0x0000000740400000, 0x0000000740400000, 0x0000000740600000|  0%| F|  |TAMS 0x0000000740400000| PB 0x0000000740400000| Untracked 
| 515|0x0000000740600000, 0x0000000740600000, 0x0000000740800000|  0%| F|  |TAMS 0x0000000740600000| PB 0x0000000740600000| Untracked 
| 516|0x0000000740800000, 0x00000007408d48d8, 0x0000000740a00000| 41%| S|CS|TAMS 0x0000000740800000| PB 0x0000000740800000| Complete 
| 517|0x0000000740a00000, 0x0000000740c00000, 0x0000000740c00000|100%| S|CS|TAMS 0x0000000740a00000| PB 0x0000000740a00000| Complete 
| 518|0x0000000740c00000, 0x0000000740e00000, 0x0000000740e00000|100%| S|CS|TAMS 0x0000000740c00000| PB 0x0000000740c00000| Complete 
| 519|0x0000000740e00000, 0x0000000741000000, 0x0000000741000000|100%| S|CS|TAMS 0x0000000740e00000| PB 0x0000000740e00000| Complete 
| 520|0x0000000741000000, 0x0000000741200000, 0x0000000741200000|100%| S|CS|TAMS 0x0000000741000000| PB 0x0000000741000000| Complete 
| 521|0x0000000741200000, 0x0000000741400000, 0x0000000741400000|100%| S|CS|TAMS 0x0000000741200000| PB 0x0000000741200000| Complete 
| 522|0x0000000741400000, 0x0000000741600000, 0x0000000741600000|100%| S|CS|TAMS 0x0000000741400000| PB 0x0000000741400000| Complete 
| 523|0x0000000741600000, 0x0000000741800000, 0x0000000741800000|100%| S|CS|TAMS 0x0000000741600000| PB 0x0000000741600000| Complete 
| 524|0x0000000741800000, 0x0000000741a00000, 0x0000000741a00000|100%| S|CS|TAMS 0x0000000741800000| PB 0x0000000741800000| Complete 
| 525|0x0000000741a00000, 0x0000000741c00000, 0x0000000741c00000|100%| S|CS|TAMS 0x0000000741a00000| PB 0x0000000741a00000| Complete 
| 526|0x0000000741c00000, 0x0000000741e00000, 0x0000000741e00000|100%| S|CS|TAMS 0x0000000741c00000| PB 0x0000000741c00000| Complete 
| 527|0x0000000741e00000, 0x0000000742000000, 0x0000000742000000|100%| S|CS|TAMS 0x0000000741e00000| PB 0x0000000741e00000| Complete 
| 528|0x0000000742000000, 0x0000000742200000, 0x0000000742200000|100%| S|CS|TAMS 0x0000000742000000| PB 0x0000000742000000| Complete 
| 529|0x0000000742200000, 0x0000000742400000, 0x0000000742400000|100%| S|CS|TAMS 0x0000000742200000| PB 0x0000000742200000| Complete 
| 530|0x0000000742400000, 0x0000000742600000, 0x0000000742600000|100%| S|CS|TAMS 0x0000000742400000| PB 0x0000000742400000| Complete 
| 531|0x0000000742600000, 0x0000000742800000, 0x0000000742800000|100%| S|CS|TAMS 0x0000000742600000| PB 0x0000000742600000| Complete 
| 532|0x0000000742800000, 0x0000000742a00000, 0x0000000742a00000|100%| S|CS|TAMS 0x0000000742800000| PB 0x0000000742800000| Complete 
| 533|0x0000000742a00000, 0x0000000742c00000, 0x0000000742c00000|100%| S|CS|TAMS 0x0000000742a00000| PB 0x0000000742a00000| Complete 
| 534|0x0000000742c00000, 0x0000000742e00000, 0x0000000742e00000|100%| S|CS|TAMS 0x0000000742c00000| PB 0x0000000742c00000| Complete 
| 535|0x0000000742e00000, 0x0000000743000000, 0x0000000743000000|100%| S|CS|TAMS 0x0000000742e00000| PB 0x0000000742e00000| Complete 
| 536|0x0000000743000000, 0x0000000743200000, 0x0000000743200000|100%| S|CS|TAMS 0x0000000743000000| PB 0x0000000743000000| Complete 
| 537|0x0000000743200000, 0x0000000743400000, 0x0000000743400000|100%| S|CS|TAMS 0x0000000743200000| PB 0x0000000743200000| Complete 
| 538|0x0000000743400000, 0x0000000743600000, 0x0000000743600000|100%| S|CS|TAMS 0x0000000743400000| PB 0x0000000743400000| Complete 
| 539|0x0000000743600000, 0x0000000743800000, 0x0000000743800000|100%| S|CS|TAMS 0x0000000743600000| PB 0x0000000743600000| Complete 
| 540|0x0000000743800000, 0x0000000743800000, 0x0000000743a00000|  0%| F|  |TAMS 0x0000000743800000| PB 0x0000000743800000| Untracked 
| 541|0x0000000743a00000, 0x0000000743a00000, 0x0000000743c00000|  0%| F|  |TAMS 0x0000000743a00000| PB 0x0000000743a00000| Untracked 
| 542|0x0000000743c00000, 0x0000000743c00000, 0x0000000743e00000|  0%| F|  |TAMS 0x0000000743c00000| PB 0x0000000743c00000| Untracked 
| 543|0x0000000743e00000, 0x0000000743e00000, 0x0000000744000000|  0%| F|  |TAMS 0x0000000743e00000| PB 0x0000000743e00000| Untracked 
| 544|0x0000000744000000, 0x0000000744000000, 0x0000000744200000|  0%| F|  |TAMS 0x0000000744000000| PB 0x0000000744000000| Untracked 
| 545|0x0000000744200000, 0x0000000744200000, 0x0000000744400000|  0%| F|  |TAMS 0x0000000744200000| PB 0x0000000744200000| Untracked 
| 546|0x0000000744400000, 0x0000000744400000, 0x0000000744600000|  0%| F|  |TAMS 0x0000000744400000| PB 0x0000000744400000| Untracked 
| 547|0x0000000744600000, 0x0000000744600000, 0x0000000744800000|  0%| F|  |TAMS 0x0000000744600000| PB 0x0000000744600000| Untracked 
| 548|0x0000000744800000, 0x0000000744800000, 0x0000000744a00000|  0%| F|  |TAMS 0x0000000744800000| PB 0x0000000744800000| Untracked 
| 549|0x0000000744a00000, 0x0000000744a00000, 0x0000000744c00000|  0%| F|  |TAMS 0x0000000744a00000| PB 0x0000000744a00000| Untracked 
| 550|0x0000000744c00000, 0x0000000744c00000, 0x0000000744e00000|  0%| F|  |TAMS 0x0000000744c00000| PB 0x0000000744c00000| Untracked 
| 551|0x0000000744e00000, 0x0000000744e00000, 0x0000000745000000|  0%| F|  |TAMS 0x0000000744e00000| PB 0x0000000744e00000| Untracked 
| 552|0x0000000745000000, 0x0000000745000000, 0x0000000745200000|  0%| F|  |TAMS 0x0000000745000000| PB 0x0000000745000000| Untracked 
| 553|0x0000000745200000, 0x0000000745200000, 0x0000000745400000|  0%| F|  |TAMS 0x0000000745200000| PB 0x0000000745200000| Untracked 
| 554|0x0000000745400000, 0x0000000745400000, 0x0000000745600000|  0%| F|  |TAMS 0x0000000745400000| PB 0x0000000745400000| Untracked 
| 555|0x0000000745600000, 0x0000000745600000, 0x0000000745800000|  0%| F|  |TAMS 0x0000000745600000| PB 0x0000000745600000| Untracked 
| 556|0x0000000745800000, 0x0000000745800000, 0x0000000745a00000|  0%| F|  |TAMS 0x0000000745800000| PB 0x0000000745800000| Untracked 
| 557|0x0000000745a00000, 0x0000000745a00000, 0x0000000745c00000|  0%| F|  |TAMS 0x0000000745a00000| PB 0x0000000745a00000| Untracked 
| 558|0x0000000745c00000, 0x0000000745c00000, 0x0000000745e00000|  0%| F|  |TAMS 0x0000000745c00000| PB 0x0000000745c00000| Untracked 
| 559|0x0000000745e00000, 0x0000000745e00000, 0x0000000746000000|  0%| F|  |TAMS 0x0000000745e00000| PB 0x0000000745e00000| Untracked 
| 560|0x0000000746000000, 0x0000000746000000, 0x0000000746200000|  0%| F|  |TAMS 0x0000000746000000| PB 0x0000000746000000| Untracked 
| 561|0x0000000746200000, 0x0000000746200000, 0x0000000746400000|  0%| F|  |TAMS 0x0000000746200000| PB 0x0000000746200000| Untracked 
| 562|0x0000000746400000, 0x0000000746400000, 0x0000000746600000|  0%| F|  |TAMS 0x0000000746400000| PB 0x0000000746400000| Untracked 
| 563|0x0000000746600000, 0x0000000746600000, 0x0000000746800000|  0%| F|  |TAMS 0x0000000746600000| PB 0x0000000746600000| Untracked 
| 564|0x0000000746800000, 0x0000000746800000, 0x0000000746a00000|  0%| F|  |TAMS 0x0000000746800000| PB 0x0000000746800000| Untracked 
| 565|0x0000000746a00000, 0x0000000746a00000, 0x0000000746c00000|  0%| F|  |TAMS 0x0000000746a00000| PB 0x0000000746a00000| Untracked 
| 566|0x0000000746c00000, 0x0000000746c00000, 0x0000000746e00000|  0%| F|  |TAMS 0x0000000746c00000| PB 0x0000000746c00000| Untracked 
| 567|0x0000000746e00000, 0x0000000746e00000, 0x0000000747000000|  0%| F|  |TAMS 0x0000000746e00000| PB 0x0000000746e00000| Untracked 
| 568|0x0000000747000000, 0x0000000747000000, 0x0000000747200000|  0%| F|  |TAMS 0x0000000747000000| PB 0x0000000747000000| Untracked 
| 569|0x0000000747200000, 0x0000000747200000, 0x0000000747400000|  0%| F|  |TAMS 0x0000000747200000| PB 0x0000000747200000| Untracked 
| 570|0x0000000747400000, 0x0000000747400000, 0x0000000747600000|  0%| F|  |TAMS 0x0000000747400000| PB 0x0000000747400000| Untracked 
| 571|0x0000000747600000, 0x0000000747600000, 0x0000000747800000|  0%| F|  |TAMS 0x0000000747600000| PB 0x0000000747600000| Untracked 
| 572|0x0000000747800000, 0x0000000747800000, 0x0000000747a00000|  0%| F|  |TAMS 0x0000000747800000| PB 0x0000000747800000| Untracked 
| 573|0x0000000747a00000, 0x0000000747a00000, 0x0000000747c00000|  0%| F|  |TAMS 0x0000000747a00000| PB 0x0000000747a00000| Untracked 
| 574|0x0000000747c00000, 0x0000000747c00000, 0x0000000747e00000|  0%| F|  |TAMS 0x0000000747c00000| PB 0x0000000747c00000| Untracked 
| 575|0x0000000747e00000, 0x0000000747e00000, 0x0000000748000000|  0%| F|  |TAMS 0x0000000747e00000| PB 0x0000000747e00000| Untracked 
| 576|0x0000000748000000, 0x0000000748000000, 0x0000000748200000|  0%| F|  |TAMS 0x0000000748000000| PB 0x0000000748000000| Untracked 
| 577|0x0000000748200000, 0x0000000748200000, 0x0000000748400000|  0%| F|  |TAMS 0x0000000748200000| PB 0x0000000748200000| Untracked 
| 578|0x0000000748400000, 0x0000000748400000, 0x0000000748600000|  0%| F|  |TAMS 0x0000000748400000| PB 0x0000000748400000| Untracked 
| 579|0x0000000748600000, 0x0000000748600000, 0x0000000748800000|  0%| F|  |TAMS 0x0000000748600000| PB 0x0000000748600000| Untracked 
| 580|0x0000000748800000, 0x0000000748800000, 0x0000000748a00000|  0%| F|  |TAMS 0x0000000748800000| PB 0x0000000748800000| Untracked 
| 581|0x0000000748a00000, 0x0000000748a00000, 0x0000000748c00000|  0%| F|  |TAMS 0x0000000748a00000| PB 0x0000000748a00000| Untracked 
| 582|0x0000000748c00000, 0x0000000748c00000, 0x0000000748e00000|  0%| F|  |TAMS 0x0000000748c00000| PB 0x0000000748c00000| Untracked 
| 583|0x0000000748e00000, 0x0000000748e00000, 0x0000000749000000|  0%| F|  |TAMS 0x0000000748e00000| PB 0x0000000748e00000| Untracked 
| 584|0x0000000749000000, 0x0000000749000000, 0x0000000749200000|  0%| F|  |TAMS 0x0000000749000000| PB 0x0000000749000000| Untracked 
| 585|0x0000000749200000, 0x0000000749200000, 0x0000000749400000|  0%| F|  |TAMS 0x0000000749200000| PB 0x0000000749200000| Untracked 
| 586|0x0000000749400000, 0x0000000749400000, 0x0000000749600000|  0%| F|  |TAMS 0x0000000749400000| PB 0x0000000749400000| Untracked 
| 587|0x0000000749600000, 0x0000000749600000, 0x0000000749800000|  0%| F|  |TAMS 0x0000000749600000| PB 0x0000000749600000| Untracked 
| 588|0x0000000749800000, 0x0000000749800000, 0x0000000749a00000|  0%| F|  |TAMS 0x0000000749800000| PB 0x0000000749800000| Untracked 
| 589|0x0000000749a00000, 0x0000000749a00000, 0x0000000749c00000|  0%| F|  |TAMS 0x0000000749a00000| PB 0x0000000749a00000| Untracked 
| 590|0x0000000749c00000, 0x0000000749c00000, 0x0000000749e00000|  0%| F|  |TAMS 0x0000000749c00000| PB 0x0000000749c00000| Untracked 
| 591|0x0000000749e00000, 0x0000000749e00000, 0x000000074a000000|  0%| F|  |TAMS 0x0000000749e00000| PB 0x0000000749e00000| Untracked 
| 592|0x000000074a000000, 0x000000074a000000, 0x000000074a200000|  0%| F|  |TAMS 0x000000074a000000| PB 0x000000074a000000| Untracked 
| 593|0x000000074a200000, 0x000000074a200000, 0x000000074a400000|  0%| F|  |TAMS 0x000000074a200000| PB 0x000000074a200000| Untracked 
| 594|0x000000074a400000, 0x000000074a400000, 0x000000074a600000|  0%| F|  |TAMS 0x000000074a400000| PB 0x000000074a400000| Untracked 
| 595|0x000000074a600000, 0x000000074a600000, 0x000000074a800000|  0%| F|  |TAMS 0x000000074a600000| PB 0x000000074a600000| Untracked 
| 596|0x000000074a800000, 0x000000074a800000, 0x000000074aa00000|  0%| F|  |TAMS 0x000000074a800000| PB 0x000000074a800000| Untracked 
| 597|0x000000074aa00000, 0x000000074aa00000, 0x000000074ac00000|  0%| F|  |TAMS 0x000000074aa00000| PB 0x000000074aa00000| Untracked 
| 598|0x000000074ac00000, 0x000000074ac00000, 0x000000074ae00000|  0%| F|  |TAMS 0x000000074ac00000| PB 0x000000074ac00000| Untracked 
| 599|0x000000074ae00000, 0x000000074ae00000, 0x000000074b000000|  0%| F|  |TAMS 0x000000074ae00000| PB 0x000000074ae00000| Untracked 
| 600|0x000000074b000000, 0x000000074b000000, 0x000000074b200000|  0%| F|  |TAMS 0x000000074b000000| PB 0x000000074b000000| Untracked 
| 601|0x000000074b200000, 0x000000074b200000, 0x000000074b400000|  0%| F|  |TAMS 0x000000074b200000| PB 0x000000074b200000| Untracked 
| 602|0x000000074b400000, 0x000000074b400000, 0x000000074b600000|  0%| F|  |TAMS 0x000000074b400000| PB 0x000000074b400000| Untracked 
| 603|0x000000074b600000, 0x000000074b600000, 0x000000074b800000|  0%| F|  |TAMS 0x000000074b600000| PB 0x000000074b600000| Untracked 
| 604|0x000000074b800000, 0x000000074b800000, 0x000000074ba00000|  0%| F|  |TAMS 0x000000074b800000| PB 0x000000074b800000| Untracked 
| 605|0x000000074ba00000, 0x000000074ba00000, 0x000000074bc00000|  0%| F|  |TAMS 0x000000074ba00000| PB 0x000000074ba00000| Untracked 
| 606|0x000000074bc00000, 0x000000074bc00000, 0x000000074be00000|  0%| F|  |TAMS 0x000000074bc00000| PB 0x000000074bc00000| Untracked 
| 607|0x000000074be00000, 0x000000074be00000, 0x000000074c000000|  0%| F|  |TAMS 0x000000074be00000| PB 0x000000074be00000| Untracked 
| 608|0x000000074c000000, 0x000000074c000000, 0x000000074c200000|  0%| F|  |TAMS 0x000000074c000000| PB 0x000000074c000000| Untracked 
| 609|0x000000074c200000, 0x000000074c200000, 0x000000074c400000|  0%| F|  |TAMS 0x000000074c200000| PB 0x000000074c200000| Untracked 
| 610|0x000000074c400000, 0x000000074c400000, 0x000000074c600000|  0%| F|  |TAMS 0x000000074c400000| PB 0x000000074c400000| Untracked 
| 611|0x000000074c600000, 0x000000074c600000, 0x000000074c800000|  0%| F|  |TAMS 0x000000074c600000| PB 0x000000074c600000| Untracked 
| 612|0x000000074c800000, 0x000000074c800000, 0x000000074ca00000|  0%| F|  |TAMS 0x000000074c800000| PB 0x000000074c800000| Untracked 
| 613|0x000000074ca00000, 0x000000074ca00000, 0x000000074cc00000|  0%| F|  |TAMS 0x000000074ca00000| PB 0x000000074ca00000| Untracked 
| 614|0x000000074cc00000, 0x000000074cc00000, 0x000000074ce00000|  0%| F|  |TAMS 0x000000074cc00000| PB 0x000000074cc00000| Untracked 
| 615|0x000000074ce00000, 0x000000074ce00000, 0x000000074d000000|  0%| F|  |TAMS 0x000000074ce00000| PB 0x000000074ce00000| Untracked 
| 616|0x000000074d000000, 0x000000074d000000, 0x000000074d200000|  0%| F|  |TAMS 0x000000074d000000| PB 0x000000074d000000| Untracked 
| 617|0x000000074d200000, 0x000000074d200000, 0x000000074d400000|  0%| F|  |TAMS 0x000000074d200000| PB 0x000000074d200000| Untracked 
| 618|0x000000074d400000, 0x000000074d400000, 0x000000074d600000|  0%| F|  |TAMS 0x000000074d400000| PB 0x000000074d400000| Untracked 
| 619|0x000000074d600000, 0x000000074d600000, 0x000000074d800000|  0%| F|  |TAMS 0x000000074d600000| PB 0x000000074d600000| Untracked 
| 620|0x000000074d800000, 0x000000074d800000, 0x000000074da00000|  0%| F|  |TAMS 0x000000074d800000| PB 0x000000074d800000| Untracked 
| 621|0x000000074da00000, 0x000000074da00000, 0x000000074dc00000|  0%| F|  |TAMS 0x000000074da00000| PB 0x000000074da00000| Untracked 
| 622|0x000000074dc00000, 0x000000074dc00000, 0x000000074de00000|  0%| F|  |TAMS 0x000000074dc00000| PB 0x000000074dc00000| Untracked 
| 623|0x000000074de00000, 0x000000074de00000, 0x000000074e000000|  0%| F|  |TAMS 0x000000074de00000| PB 0x000000074de00000| Untracked 
| 624|0x000000074e000000, 0x000000074e000000, 0x000000074e200000|  0%| F|  |TAMS 0x000000074e000000| PB 0x000000074e000000| Untracked 
| 625|0x000000074e200000, 0x000000074e200000, 0x000000074e400000|  0%| F|  |TAMS 0x000000074e200000| PB 0x000000074e200000| Untracked 
| 626|0x000000074e400000, 0x000000074e400000, 0x000000074e600000|  0%| F|  |TAMS 0x000000074e400000| PB 0x000000074e400000| Untracked 
| 627|0x000000074e600000, 0x000000074e600000, 0x000000074e800000|  0%| F|  |TAMS 0x000000074e600000| PB 0x000000074e600000| Untracked 
| 628|0x000000074e800000, 0x000000074e800000, 0x000000074ea00000|  0%| F|  |TAMS 0x000000074e800000| PB 0x000000074e800000| Untracked 
| 629|0x000000074ea00000, 0x000000074ea00000, 0x000000074ec00000|  0%| F|  |TAMS 0x000000074ea00000| PB 0x000000074ea00000| Untracked 
| 630|0x000000074ec00000, 0x000000074ec00000, 0x000000074ee00000|  0%| F|  |TAMS 0x000000074ec00000| PB 0x000000074ec00000| Untracked 
| 631|0x000000074ee00000, 0x000000074ee00000, 0x000000074f000000|  0%| F|  |TAMS 0x000000074ee00000| PB 0x000000074ee00000| Untracked 
| 632|0x000000074f000000, 0x000000074f000000, 0x000000074f200000|  0%| F|  |TAMS 0x000000074f000000| PB 0x000000074f000000| Untracked 
| 633|0x000000074f200000, 0x000000074f200000, 0x000000074f400000|  0%| F|  |TAMS 0x000000074f200000| PB 0x000000074f200000| Untracked 
| 634|0x000000074f400000, 0x000000074f400000, 0x000000074f600000|  0%| F|  |TAMS 0x000000074f400000| PB 0x000000074f400000| Untracked 
| 635|0x000000074f600000, 0x000000074f600000, 0x000000074f800000|  0%| F|  |TAMS 0x000000074f600000| PB 0x000000074f600000| Untracked 
| 636|0x000000074f800000, 0x000000074f800000, 0x000000074fa00000|  0%| F|  |TAMS 0x000000074f800000| PB 0x000000074f800000| Untracked 
| 637|0x000000074fa00000, 0x000000074fa00000, 0x000000074fc00000|  0%| F|  |TAMS 0x000000074fa00000| PB 0x000000074fa00000| Untracked 
| 638|0x000000074fc00000, 0x000000074fc00000, 0x000000074fe00000|  0%| F|  |TAMS 0x000000074fc00000| PB 0x000000074fc00000| Untracked 
| 639|0x000000074fe00000, 0x000000074fe00000, 0x0000000750000000|  0%| F|  |TAMS 0x000000074fe00000| PB 0x000000074fe00000| Untracked 
| 640|0x0000000750000000, 0x0000000750000000, 0x0000000750200000|  0%| F|  |TAMS 0x0000000750000000| PB 0x0000000750000000| Untracked 
| 641|0x0000000750200000, 0x0000000750200000, 0x0000000750400000|  0%| F|  |TAMS 0x0000000750200000| PB 0x0000000750200000| Untracked 
| 642|0x0000000750400000, 0x0000000750400000, 0x0000000750600000|  0%| F|  |TAMS 0x0000000750400000| PB 0x0000000750400000| Untracked 
| 643|0x0000000750600000, 0x0000000750600000, 0x0000000750800000|  0%| F|  |TAMS 0x0000000750600000| PB 0x0000000750600000| Untracked 
| 644|0x0000000750800000, 0x0000000750800000, 0x0000000750a00000|  0%| F|  |TAMS 0x0000000750800000| PB 0x0000000750800000| Untracked 
| 645|0x0000000750a00000, 0x0000000750a00000, 0x0000000750c00000|  0%| F|  |TAMS 0x0000000750a00000| PB 0x0000000750a00000| Untracked 
| 646|0x0000000750c00000, 0x0000000750c00000, 0x0000000750e00000|  0%| F|  |TAMS 0x0000000750c00000| PB 0x0000000750c00000| Untracked 
| 647|0x0000000750e00000, 0x0000000750e00000, 0x0000000751000000|  0%| F|  |TAMS 0x0000000750e00000| PB 0x0000000750e00000| Untracked 
| 648|0x0000000751000000, 0x0000000751000000, 0x0000000751200000|  0%| F|  |TAMS 0x0000000751000000| PB 0x0000000751000000| Untracked 
| 649|0x0000000751200000, 0x0000000751200000, 0x0000000751400000|  0%| F|  |TAMS 0x0000000751200000| PB 0x0000000751200000| Untracked 
| 650|0x0000000751400000, 0x0000000751400000, 0x0000000751600000|  0%| F|  |TAMS 0x0000000751400000| PB 0x0000000751400000| Untracked 
| 651|0x0000000751600000, 0x0000000751600000, 0x0000000751800000|  0%| F|  |TAMS 0x0000000751600000| PB 0x0000000751600000| Untracked 
| 652|0x0000000751800000, 0x0000000751800000, 0x0000000751a00000|  0%| F|  |TAMS 0x0000000751800000| PB 0x0000000751800000| Untracked 
| 653|0x0000000751a00000, 0x0000000751a00000, 0x0000000751c00000|  0%| F|  |TAMS 0x0000000751a00000| PB 0x0000000751a00000| Untracked 
| 654|0x0000000751c00000, 0x0000000751c00000, 0x0000000751e00000|  0%| F|  |TAMS 0x0000000751c00000| PB 0x0000000751c00000| Untracked 
| 655|0x0000000751e00000, 0x0000000751e00000, 0x0000000752000000|  0%| F|  |TAMS 0x0000000751e00000| PB 0x0000000751e00000| Untracked 
| 656|0x0000000752000000, 0x0000000752000000, 0x0000000752200000|  0%| F|  |TAMS 0x0000000752000000| PB 0x0000000752000000| Untracked 
| 657|0x0000000752200000, 0x0000000752200000, 0x0000000752400000|  0%| F|  |TAMS 0x0000000752200000| PB 0x0000000752200000| Untracked 
| 658|0x0000000752400000, 0x0000000752400000, 0x0000000752600000|  0%| F|  |TAMS 0x0000000752400000| PB 0x0000000752400000| Untracked 
| 659|0x0000000752600000, 0x0000000752600000, 0x0000000752800000|  0%| F|  |TAMS 0x0000000752600000| PB 0x0000000752600000| Untracked 
| 660|0x0000000752800000, 0x0000000752800000, 0x0000000752a00000|  0%| F|  |TAMS 0x0000000752800000| PB 0x0000000752800000| Untracked 
| 661|0x0000000752a00000, 0x0000000752a00000, 0x0000000752c00000|  0%| F|  |TAMS 0x0000000752a00000| PB 0x0000000752a00000| Untracked 
| 662|0x0000000752c00000, 0x0000000752c00000, 0x0000000752e00000|  0%| F|  |TAMS 0x0000000752c00000| PB 0x0000000752c00000| Untracked 
| 663|0x0000000752e00000, 0x0000000752e00000, 0x0000000753000000|  0%| F|  |TAMS 0x0000000752e00000| PB 0x0000000752e00000| Untracked 
| 664|0x0000000753000000, 0x0000000753000000, 0x0000000753200000|  0%| F|  |TAMS 0x0000000753000000| PB 0x0000000753000000| Untracked 
| 665|0x0000000753200000, 0x0000000753200000, 0x0000000753400000|  0%| F|  |TAMS 0x0000000753200000| PB 0x0000000753200000| Untracked 
| 666|0x0000000753400000, 0x0000000753400000, 0x0000000753600000|  0%| F|  |TAMS 0x0000000753400000| PB 0x0000000753400000| Untracked 
| 667|0x0000000753600000, 0x0000000753600000, 0x0000000753800000|  0%| F|  |TAMS 0x0000000753600000| PB 0x0000000753600000| Untracked 
| 668|0x0000000753800000, 0x0000000753800000, 0x0000000753a00000|  0%| F|  |TAMS 0x0000000753800000| PB 0x0000000753800000| Untracked 
| 669|0x0000000753a00000, 0x0000000753a00000, 0x0000000753c00000|  0%| F|  |TAMS 0x0000000753a00000| PB 0x0000000753a00000| Untracked 
| 670|0x0000000753c00000, 0x0000000753c00000, 0x0000000753e00000|  0%| F|  |TAMS 0x0000000753c00000| PB 0x0000000753c00000| Untracked 
| 671|0x0000000753e00000, 0x0000000753e00000, 0x0000000754000000|  0%| F|  |TAMS 0x0000000753e00000| PB 0x0000000753e00000| Untracked 
| 672|0x0000000754000000, 0x0000000754000000, 0x0000000754200000|  0%| F|  |TAMS 0x0000000754000000| PB 0x0000000754000000| Untracked 
| 673|0x0000000754200000, 0x0000000754200000, 0x0000000754400000|  0%| F|  |TAMS 0x0000000754200000| PB 0x0000000754200000| Untracked 
| 674|0x0000000754400000, 0x0000000754400000, 0x0000000754600000|  0%| F|  |TAMS 0x0000000754400000| PB 0x0000000754400000| Untracked 
| 675|0x0000000754600000, 0x0000000754600000, 0x0000000754800000|  0%| F|  |TAMS 0x0000000754600000| PB 0x0000000754600000| Untracked 
| 676|0x0000000754800000, 0x0000000754800000, 0x0000000754a00000|  0%| F|  |TAMS 0x0000000754800000| PB 0x0000000754800000| Untracked 
| 677|0x0000000754a00000, 0x0000000754a00000, 0x0000000754c00000|  0%| F|  |TAMS 0x0000000754a00000| PB 0x0000000754a00000| Untracked 
| 678|0x0000000754c00000, 0x0000000754c00000, 0x0000000754e00000|  0%| F|  |TAMS 0x0000000754c00000| PB 0x0000000754c00000| Untracked 
| 679|0x0000000754e00000, 0x0000000754e00000, 0x0000000755000000|  0%| F|  |TAMS 0x0000000754e00000| PB 0x0000000754e00000| Untracked 
| 680|0x0000000755000000, 0x0000000755000000, 0x0000000755200000|  0%| F|  |TAMS 0x0000000755000000| PB 0x0000000755000000| Untracked 
| 681|0x0000000755200000, 0x0000000755200000, 0x0000000755400000|  0%| F|  |TAMS 0x0000000755200000| PB 0x0000000755200000| Untracked 
| 682|0x0000000755400000, 0x0000000755400000, 0x0000000755600000|  0%| F|  |TAMS 0x0000000755400000| PB 0x0000000755400000| Untracked 
| 683|0x0000000755600000, 0x0000000755600000, 0x0000000755800000|  0%| F|  |TAMS 0x0000000755600000| PB 0x0000000755600000| Untracked 
| 684|0x0000000755800000, 0x0000000755800000, 0x0000000755a00000|  0%| F|  |TAMS 0x0000000755800000| PB 0x0000000755800000| Untracked 
| 685|0x0000000755a00000, 0x0000000755a00000, 0x0000000755c00000|  0%| F|  |TAMS 0x0000000755a00000| PB 0x0000000755a00000| Untracked 
| 686|0x0000000755c00000, 0x0000000755c00000, 0x0000000755e00000|  0%| F|  |TAMS 0x0000000755c00000| PB 0x0000000755c00000| Untracked 
| 687|0x0000000755e00000, 0x0000000755e00000, 0x0000000756000000|  0%| F|  |TAMS 0x0000000755e00000| PB 0x0000000755e00000| Untracked 
| 688|0x0000000756000000, 0x0000000756000000, 0x0000000756200000|  0%| F|  |TAMS 0x0000000756000000| PB 0x0000000756000000| Untracked 
| 689|0x0000000756200000, 0x0000000756200000, 0x0000000756400000|  0%| F|  |TAMS 0x0000000756200000| PB 0x0000000756200000| Untracked 
| 690|0x0000000756400000, 0x0000000756400000, 0x0000000756600000|  0%| F|  |TAMS 0x0000000756400000| PB 0x0000000756400000| Untracked 
| 691|0x0000000756600000, 0x0000000756600000, 0x0000000756800000|  0%| F|  |TAMS 0x0000000756600000| PB 0x0000000756600000| Untracked 
| 692|0x0000000756800000, 0x0000000756800000, 0x0000000756a00000|  0%| F|  |TAMS 0x0000000756800000| PB 0x0000000756800000| Untracked 
| 693|0x0000000756a00000, 0x0000000756a00000, 0x0000000756c00000|  0%| F|  |TAMS 0x0000000756a00000| PB 0x0000000756a00000| Untracked 
| 694|0x0000000756c00000, 0x0000000756c00000, 0x0000000756e00000|  0%| F|  |TAMS 0x0000000756c00000| PB 0x0000000756c00000| Untracked 
| 695|0x0000000756e00000, 0x0000000756e00000, 0x0000000757000000|  0%| F|  |TAMS 0x0000000756e00000| PB 0x0000000756e00000| Untracked 
| 696|0x0000000757000000, 0x0000000757000000, 0x0000000757200000|  0%| F|  |TAMS 0x0000000757000000| PB 0x0000000757000000| Untracked 
| 697|0x0000000757200000, 0x0000000757200000, 0x0000000757400000|  0%| F|  |TAMS 0x0000000757200000| PB 0x0000000757200000| Untracked 
| 698|0x0000000757400000, 0x0000000757400000, 0x0000000757600000|  0%| F|  |TAMS 0x0000000757400000| PB 0x0000000757400000| Untracked 
| 699|0x0000000757600000, 0x0000000757600000, 0x0000000757800000|  0%| F|  |TAMS 0x0000000757600000| PB 0x0000000757600000| Untracked 
| 700|0x0000000757800000, 0x0000000757800000, 0x0000000757a00000|  0%| F|  |TAMS 0x0000000757800000| PB 0x0000000757800000| Untracked 
| 701|0x0000000757a00000, 0x0000000757a00000, 0x0000000757c00000|  0%| F|  |TAMS 0x0000000757a00000| PB 0x0000000757a00000| Untracked 
| 702|0x0000000757c00000, 0x0000000757c00000, 0x0000000757e00000|  0%| F|  |TAMS 0x0000000757c00000| PB 0x0000000757c00000| Untracked 
| 703|0x0000000757e00000, 0x0000000757e00000, 0x0000000758000000|  0%| F|  |TAMS 0x0000000757e00000| PB 0x0000000757e00000| Untracked 
| 704|0x0000000758000000, 0x0000000758000000, 0x0000000758200000|  0%| F|  |TAMS 0x0000000758000000| PB 0x0000000758000000| Untracked 
| 705|0x0000000758200000, 0x0000000758200000, 0x0000000758400000|  0%| F|  |TAMS 0x0000000758200000| PB 0x0000000758200000| Untracked 
| 706|0x0000000758400000, 0x0000000758400000, 0x0000000758600000|  0%| F|  |TAMS 0x0000000758400000| PB 0x0000000758400000| Untracked 
| 707|0x0000000758600000, 0x0000000758600000, 0x0000000758800000|  0%| F|  |TAMS 0x0000000758600000| PB 0x0000000758600000| Untracked 
| 708|0x0000000758800000, 0x0000000758800000, 0x0000000758a00000|  0%| F|  |TAMS 0x0000000758800000| PB 0x0000000758800000| Untracked 
| 709|0x0000000758a00000, 0x0000000758b1c930, 0x0000000758c00000| 55%| E|  |TAMS 0x0000000758a00000| PB 0x0000000758a00000| Complete 
| 710|0x0000000758c00000, 0x0000000758e00000, 0x0000000758e00000|100%| E|CS|TAMS 0x0000000758c00000| PB 0x0000000758c00000| Complete 
| 711|0x0000000758e00000, 0x0000000759000000, 0x0000000759000000|100%| E|CS|TAMS 0x0000000758e00000| PB 0x0000000758e00000| Complete 
| 712|0x0000000759000000, 0x0000000759200000, 0x0000000759200000|100%| E|CS|TAMS 0x0000000759000000| PB 0x0000000759000000| Complete 
| 713|0x0000000759200000, 0x0000000759400000, 0x0000000759400000|100%| E|CS|TAMS 0x0000000759200000| PB 0x0000000759200000| Complete 
| 714|0x0000000759400000, 0x00000007595ffff8, 0x0000000759600000| 99%| E|CS|TAMS 0x0000000759400000| PB 0x0000000759400000| Complete 
| 715|0x0000000759600000, 0x0000000759800000, 0x0000000759800000|100%| E|CS|TAMS 0x0000000759600000| PB 0x0000000759600000| Complete 
| 716|0x0000000759800000, 0x00000007599fffd0, 0x0000000759a00000| 99%| E|  |TAMS 0x0000000759800000| PB 0x0000000759800000| Complete 
| 717|0x0000000759a00000, 0x0000000759c00000, 0x0000000759c00000|100%| E|CS|TAMS 0x0000000759a00000| PB 0x0000000759a00000| Complete 
| 718|0x0000000759c00000, 0x0000000759e00000, 0x0000000759e00000|100%| E|CS|TAMS 0x0000000759c00000| PB 0x0000000759c00000| Complete 
| 719|0x0000000759e00000, 0x000000075a000000, 0x000000075a000000|100%| E|CS|TAMS 0x0000000759e00000| PB 0x0000000759e00000| Complete 
| 720|0x000000075a000000, 0x000000075a200000, 0x000000075a200000|100%| E|CS|TAMS 0x000000075a000000| PB 0x000000075a000000| Complete 
| 721|0x000000075a200000, 0x000000075a400000, 0x000000075a400000|100%| E|CS|TAMS 0x000000075a200000| PB 0x000000075a200000| Complete 
| 722|0x000000075a400000, 0x000000075a600000, 0x000000075a600000|100%| E|CS|TAMS 0x000000075a400000| PB 0x000000075a400000| Complete 
| 723|0x000000075a600000, 0x000000075a800000, 0x000000075a800000|100%| E|CS|TAMS 0x000000075a600000| PB 0x000000075a600000| Complete 
| 724|0x000000075a800000, 0x000000075aa00000, 0x000000075aa00000|100%| E|CS|TAMS 0x000000075a800000| PB 0x000000075a800000| Complete 
| 725|0x000000075aa00000, 0x000000075ac00000, 0x000000075ac00000|100%| E|CS|TAMS 0x000000075aa00000| PB 0x000000075aa00000| Complete 
| 726|0x000000075ac00000, 0x000000075ae00000, 0x000000075ae00000|100%| E|CS|TAMS 0x000000075ac00000| PB 0x000000075ac00000| Complete 
| 727|0x000000075ae00000, 0x000000075b000000, 0x000000075b000000|100%| E|CS|TAMS 0x000000075ae00000| PB 0x000000075ae00000| Complete 
| 728|0x000000075b000000, 0x000000075b200000, 0x000000075b200000|100%| E|CS|TAMS 0x000000075b000000| PB 0x000000075b000000| Complete 
| 729|0x000000075b200000, 0x000000075b400000, 0x000000075b400000|100%| E|CS|TAMS 0x000000075b200000| PB 0x000000075b200000| Complete 
| 730|0x000000075b400000, 0x000000075b600000, 0x000000075b600000|100%| E|CS|TAMS 0x000000075b400000| PB 0x000000075b400000| Complete 
|2007|0x00000007fae00000, 0x00000007fb000000, 0x00000007fb000000|100%| E|CS|TAMS 0x00000007fae00000| PB 0x00000007fae00000| Complete 
|2008|0x00000007fb000000, 0x00000007fb200000, 0x00000007fb200000|100%| E|CS|TAMS 0x00000007fb000000| PB 0x00000007fb000000| Complete 
|2009|0x00000007fb200000, 0x00000007fb400000, 0x00000007fb400000|100%| E|CS|TAMS 0x00000007fb200000| PB 0x00000007fb200000| Complete 
|2010|0x00000007fb400000, 0x00000007fb600000, 0x00000007fb600000|100%| E|CS|TAMS 0x00000007fb400000| PB 0x00000007fb400000| Complete 
|2011|0x00000007fb600000, 0x00000007fb800000, 0x00000007fb800000|100%| O|  |TAMS 0x00000007fb600000| PB 0x00000007fb600000| Untracked 
|2012|0x00000007fb800000, 0x00000007fba00000, 0x00000007fba00000|100%| O|  |TAMS 0x00000007fb800000| PB 0x00000007fb800000| Untracked 
|2013|0x00000007fba00000, 0x00000007fbc00000, 0x00000007fbc00000|100%| O|  |TAMS 0x00000007fba00000| PB 0x00000007fba00000| Untracked 
|2014|0x00000007fbc00000, 0x00000007fbe00000, 0x00000007fbe00000|100%| O|  |TAMS 0x00000007fbc00000| PB 0x00000007fbc00000| Untracked 
|2015|0x00000007fbe00000, 0x00000007fc000000, 0x00000007fc000000|100%| O|  |TAMS 0x00000007fbe00000| PB 0x00000007fbe00000| Untracked 
|2016|0x00000007fc000000, 0x00000007fc200000, 0x00000007fc200000|100%| O|  |TAMS 0x00000007fc000000| PB 0x00000007fc000000| Untracked 
|2017|0x00000007fc200000, 0x00000007fc400000, 0x00000007fc400000|100%| O|  |TAMS 0x00000007fc200000| PB 0x00000007fc200000| Untracked 
|2018|0x00000007fc400000, 0x00000007fc600000, 0x00000007fc600000|100%| O|  |TAMS 0x00000007fc400000| PB 0x00000007fc400000| Untracked 
|2019|0x00000007fc600000, 0x00000007fc800000, 0x00000007fc800000|100%| O|  |TAMS 0x00000007fc600000| PB 0x00000007fc600000| Untracked 
|2020|0x00000007fc800000, 0x00000007fca00000, 0x00000007fca00000|100%| O|  |TAMS 0x00000007fc800000| PB 0x00000007fc800000| Untracked 
|2021|0x00000007fca00000, 0x00000007fcc00000, 0x00000007fcc00000|100%| O|  |TAMS 0x00000007fca00000| PB 0x00000007fca00000| Untracked 
|2022|0x00000007fcc00000, 0x00000007fce00000, 0x00000007fce00000|100%| O|  |TAMS 0x00000007fcc00000| PB 0x00000007fcc00000| Untracked 
|2023|0x00000007fce00000, 0x00000007fd000000, 0x00000007fd000000|100%| E|CS|TAMS 0x00000007fce00000| PB 0x00000007fce00000| Complete 
|2024|0x00000007fd000000, 0x00000007fd200000, 0x00000007fd200000|100%| E|CS|TAMS 0x00000007fd000000| PB 0x00000007fd000000| Complete 
|2025|0x00000007fd200000, 0x00000007fd400000, 0x00000007fd400000|100%| O|  |TAMS 0x00000007fd200000| PB 0x00000007fd200000| Untracked 
|2026|0x00000007fd400000, 0x00000007fd600000, 0x00000007fd600000|100%| E|CS|TAMS 0x00000007fd400000| PB 0x00000007fd400000| Complete 
|2027|0x00000007fd600000, 0x00000007fd800000, 0x00000007fd800000|100%| O|  |TAMS 0x00000007fd600000| PB 0x00000007fd600000| Untracked 
|2028|0x00000007fd800000, 0x00000007fda00000, 0x00000007fda00000|100%| E|CS|TAMS 0x00000007fd800000| PB 0x00000007fd800000| Complete 
|2029|0x00000007fda00000, 0x00000007fdc00000, 0x00000007fdc00000|100%| E|CS|TAMS 0x00000007fda00000| PB 0x00000007fda00000| Complete 
|2030|0x00000007fdc00000, 0x00000007fde00000, 0x00000007fde00000|100%| E|CS|TAMS 0x00000007fdc00000| PB 0x00000007fdc00000| Complete 
|2031|0x00000007fde00000, 0x00000007fe000000, 0x00000007fe000000|100%| E|CS|TAMS 0x00000007fde00000| PB 0x00000007fde00000| Complete 
|2032|0x00000007fe000000, 0x00000007fe200000, 0x00000007fe200000|100%| E|CS|TAMS 0x00000007fe000000| PB 0x00000007fe000000| Complete 
|2033|0x00000007fe200000, 0x00000007fe400000, 0x00000007fe400000|100%| E|CS|TAMS 0x00000007fe200000| PB 0x00000007fe200000| Complete 
|2034|0x00000007fe400000, 0x00000007fe600000, 0x00000007fe600000|100%| E|CS|TAMS 0x00000007fe400000| PB 0x00000007fe400000| Complete 
|2035|0x00000007fe600000, 0x00000007fe800000, 0x00000007fe800000|100%| E|CS|TAMS 0x00000007fe600000| PB 0x00000007fe600000| Complete 
|2036|0x00000007fe800000, 0x00000007fea00000, 0x00000007fea00000|100%| E|CS|TAMS 0x00000007fe800000| PB 0x00000007fe800000| Complete 
|2037|0x00000007fea00000, 0x00000007fec00000, 0x00000007fec00000|100%| E|CS|TAMS 0x00000007fea00000| PB 0x00000007fea00000| Complete 
|2038|0x00000007fec00000, 0x00000007fee00000, 0x00000007fee00000|100%| E|CS|TAMS 0x00000007fec00000| PB 0x00000007fec00000| Complete 
|2039|0x00000007fee00000, 0x00000007ff000000, 0x00000007ff000000|100%| E|CS|TAMS 0x00000007fee00000| PB 0x00000007fee00000| Complete 
|2040|0x00000007ff000000, 0x00000007ff200000, 0x00000007ff200000|100%| E|CS|TAMS 0x00000007ff000000| PB 0x00000007ff000000| Complete 
|2041|0x00000007ff200000, 0x00000007ff400000, 0x00000007ff400000|100%| E|CS|TAMS 0x00000007ff200000| PB 0x00000007ff200000| Complete 
|2042|0x00000007ff400000, 0x00000007ff600000, 0x00000007ff600000|100%| E|CS|TAMS 0x00000007ff400000| PB 0x00000007ff400000| Complete 
|2043|0x00000007ff600000, 0x00000007ff800000, 0x00000007ff800000|100%| O|  |TAMS 0x00000007ff600000| PB 0x00000007ff600000| Untracked 
|2044|0x00000007ff800000, 0x00000007ffa00000, 0x00000007ffa00000|100%| O|  |TAMS 0x00000007ff800000| PB 0x00000007ff800000| Untracked 
|2045|0x00000007ffa00000, 0x00000007ffc00000, 0x00000007ffc00000|100%| E|CS|TAMS 0x00000007ffa00000| PB 0x00000007ffa00000| Complete 
|2046|0x00000007ffc00000, 0x00000007ffe00000, 0x00000007ffe00000|100%| O|  |TAMS 0x00000007ffc00000| PB 0x00000007ffc00000| Untracked 
|2047|0x00000007ffe00000, 0x0000000800000000, 0x0000000800000000|100%| O|  |TAMS 0x00000007ffe00000| PB 0x00000007ffe00000| Untracked 

Card table byte_map: [0x000001d0495f0000,0x000001d049df0000] _byte_map_base: 0x000001d045df0000

Marking Bits: (CMBitMap*) 0x000001d03140b070
 Bits: [0x000001d049df0000, 0x000001d04ddf0000)

Polling page: 0x000001d02f2f0000

Metaspace:

Usage:
  Non-class:    291.34 MB used.
      Class:     40.29 MB used.
       Both:    331.63 MB used.

Virtual space:
  Non-class space:      320.00 MB reserved,     293.31 MB ( 92%) committed,  5 nodes.
      Class space:        1.00 GB reserved,      42.06 MB (  4%) committed,  1 nodes.
             Both:        1.31 GB reserved,     335.38 MB ( 25%) committed. 

Chunk freelists:
   Non-Class:  10.67 MB
       Class:  5.79 MB
        Both:  16.47 MB

MaxMetaspaceSize: unlimited
CompressedClassSpaceSize: 1.00 GB
Initial GC threshold: 21.00 MB
Current GC threshold: 551.25 MB
CDS: on
 - commit_granule_bytes: 65536.
 - commit_granule_words: 8192.
 - virtual_space_node_default_size: 8388608.
 - enlarge_chunks_in_place: 1.
 - use_allocation_guard: 0.


Internal statistics:

num_allocs_failed_limit: 9.
num_arena_births: 6166.
num_arena_deaths: 28.
num_vsnodes_births: 6.
num_vsnodes_deaths: 0.
num_space_committed: 5368.
num_space_uncommitted: 10.
num_chunks_returned_to_freelist: 140.
num_chunks_taken_from_freelist: 20482.
num_chunk_merges: 36.
num_chunk_splits: 14556.
num_chunks_enlarged: 10648.
num_inconsistent_stats: 0.

CodeHeap 'non-profiled nmethods': size=120000Kb used=34480Kb max_used=34480Kb free=85519Kb
 bounds [0x000001d041590000, 0x000001d043740000, 0x000001d048ac0000]
CodeHeap 'profiled nmethods': size=120000Kb used=96654Kb max_used=96654Kb free=23345Kb
 bounds [0x000001d039ac0000, 0x000001d03f940000, 0x000001d040ff0000]
CodeHeap 'non-nmethods': size=5760Kb used=3264Kb max_used=3348Kb free=2495Kb
 bounds [0x000001d040ff0000, 0x000001d041340000, 0x000001d041590000]
CodeCache: size=245760Kb, used=134398Kb, max_used=134482Kb, free=111359Kb
 total_blobs=35362, nmethods=33904, adapters=1357, full_count=0
Compilation: enabled, stopped_count=0, restarted_count=0

Compilation events (20 events):
Event: 173.418 Thread 0x000001d050530af0 86584       2       java.io.PushbackInputStream::unread (47 bytes)
Event: 173.419 Thread 0x000001d050530af0 nmethod 86584 0x000001d03f92e190 code [0x000001d03f92e360, 0x000001d03f92e6d0]
Event: 173.419 Thread 0x000001d050530af0 86585   !   2       java.util.zip.Inflater::getRemaining (40 bytes)
Event: 173.419 Thread 0x000001d050530af0 nmethod 86585 0x000001d03f92e810 code [0x000001d03f92e9c0, 0x000001d03f92ebf0]
Event: 173.419 Thread 0x000001d050530af0 86587   !   2       java.util.zip.Inflater::getBytesRead (23 bytes)
Event: 173.419 Thread 0x000001d050530af0 nmethod 86587 0x000001d03f92ed10 code [0x000001d03f92eec0, 0x000001d03f92f0e8]
Event: 173.419 Thread 0x000001d050530af0 86583       3       java.util.zip.ZipInputStream::closeEntry (31 bytes)
Event: 173.419 Thread 0x000001d050530af0 nmethod 86583 0x000001d03f92f210 code [0x000001d03f92f3e0, 0x000001d03f92f7e0]
Event: 173.425 Thread 0x000001d050530af0 86589       3       org.gradle.api.internal.file.archive.impl.StreamZipInput$1::computeNext (5 bytes)
Event: 173.425 Thread 0x000001d050530af0 nmethod 86589 0x000001d03f92f910 code [0x000001d03f92fac0, 0x000001d03f92fc18]
Event: 173.425 Thread 0x000001d050530af0 86590       3       org.gradle.api.internal.file.archive.impl.StreamZipInput$StreamZipEntry::<init> (11 bytes)
Event: 173.425 Thread 0x000001d050530af0 nmethod 86590 0x000001d03f92fd10 code [0x000001d03f92fec0, 0x000001d03f930150]
Event: 173.426 Thread 0x000001d050530af0 86591   !   3       org.gradle.api.internal.file.archive.impl.StreamZipInput$StreamZipEntry::withInputStream (74 bytes)
Event: 173.427 Thread 0x000001d050530af0 nmethod 86591 0x000001d03f930290 code [0x000001d03f930600, 0x000001d03f931ae0]
Event: 173.427 Thread 0x000001d050530af0 86592   !   3       org.gradle.api.internal.file.archive.impl.StreamZipInput$StreamZipEntry::closeEntry (24 bytes)
Event: 173.427 Thread 0x000001d050530af0 nmethod 86592 0x000001d03f932490 code [0x000001d03f9326a0, 0x000001d03f932cd0]
Event: 173.432 Thread 0x000001d050530af0 86594   !   3       org.gradle.api.internal.file.archive.impl.StreamZipInput$1::computeNext (51 bytes)
Event: 173.433 Thread 0x000001d050530af0 nmethod 86594 0x000001d03f933010 code [0x000001d03f933220, 0x000001d03f9338a0]
Event: 173.444 Thread 0x000001d0a5de94f0 nmethod 86569 0x000001d043739010 code [0x000001d0437393c0, 0x000001d04373b168]
Event: 173.444 Thread 0x000001d0a5de94f0 86573       4       org.gradle.api.internal.changedetection.state.FallbackHandlingResourceHasher::lambda$hashWithDelegate$3 (11 bytes)

GC Heap History (20 events):
Event: 146.077 GC heap before
{Heap before GC invocations=127 (full 0):
 garbage-first heap   total 1355776K, used 1183744K [0x0000000700000000, 0x0000000800000000)
  region size 2048K, 175 young (358400K), 15 survivors (30720K)
 Metaspace       used 316198K, committed 319936K, reserved 1376256K
  class space    used 39150K, committed 40896K, reserved 1048576K
}
Event: 146.124 GC heap after
{Heap after GC invocations=128 (full 0):
 garbage-first heap   total 1355776K, used 851968K [0x0000000700000000, 0x0000000800000000)
  region size 2048K, 22 young (45056K), 22 survivors (45056K)
 Metaspace       used 316198K, committed 319936K, reserved 1376256K
  class space    used 39150K, committed 40896K, reserved 1048576K
}
Event: 146.817 GC heap before
{Heap before GC invocations=128 (full 0):
 garbage-first heap   total 1355776K, used 997376K [0x0000000700000000, 0x0000000800000000)
  region size 2048K, 94 young (192512K), 22 survivors (45056K)
 Metaspace       used 316489K, committed 320192K, reserved 1376256K
  class space    used 39152K, committed 40896K, reserved 1048576K
}
Event: 146.832 GC heap after
{Heap after GC invocations=129 (full 0):
 garbage-first heap   total 1355776K, used 856159K [0x0000000700000000, 0x0000000800000000)
  region size 2048K, 7 young (14336K), 7 survivors (14336K)
 Metaspace       used 316489K, committed 320192K, reserved 1376256K
  class space    used 39152K, committed 40896K, reserved 1048576K
}
Event: 147.671 GC heap before
{Heap before GC invocations=130 (full 0):
 garbage-first heap   total 1376256K, used 1183839K [0x0000000700000000, 0x0000000800000000)
  region size 2048K, 184 young (376832K), 7 survivors (14336K)
 Metaspace       used 316818K, committed 320512K, reserved 1376256K
  class space    used 39195K, committed 40960K, reserved 1048576K
}
Event: 147.693 GC heap after
{Heap after GC invocations=131 (full 0):
 garbage-first heap   total 1376256K, used 859136K [0x0000000700000000, 0x0000000800000000)
  region size 2048K, 22 young (45056K), 22 survivors (45056K)
 Metaspace       used 316818K, committed 320512K, reserved 1376256K
  class space    used 39195K, committed 40960K, reserved 1048576K
}
Event: 150.674 GC heap before
{Heap before GC invocations=131 (full 0):
 garbage-first heap   total 1376256K, used 1233920K [0x0000000700000000, 0x0000000800000000)
  region size 2048K, 198 young (405504K), 22 survivors (45056K)
 Metaspace       used 317536K, committed 321216K, reserved 1376256K
  class space    used 39212K, committed 40960K, reserved 1048576K
}
Event: 150.735 GC heap after
{Heap after GC invocations=132 (full 0):
 garbage-first heap   total 1409024K, used 850944K [0x0000000700000000, 0x0000000800000000)
  region size 2048K, 25 young (51200K), 25 survivors (51200K)
 Metaspace       used 317536K, committed 321216K, reserved 1376256K
  class space    used 39212K, committed 40960K, reserved 1048576K
}
Event: 152.542 GC heap before
{Heap before GC invocations=132 (full 0):
 garbage-first heap   total 1409024K, used 1080320K [0x0000000700000000, 0x0000000800000000)
  region size 2048K, 137 young (280576K), 25 survivors (51200K)
 Metaspace       used 320076K, committed 323776K, reserved 1376256K
  class space    used 39463K, committed 41216K, reserved 1048576K
}
Event: 152.575 GC heap after
{Heap after GC invocations=133 (full 0):
 garbage-first heap   total 1409024K, used 900096K [0x0000000700000000, 0x0000000800000000)
  region size 2048K, 24 young (49152K), 24 survivors (49152K)
 Metaspace       used 320076K, committed 323776K, reserved 1376256K
  class space    used 39463K, committed 41216K, reserved 1048576K
}
Event: 154.466 GC heap before
{Heap before GC invocations=134 (full 0):
 garbage-first heap   total 1499136K, used 1238016K [0x0000000700000000, 0x0000000800000000)
  region size 2048K, 190 young (389120K), 24 survivors (49152K)
 Metaspace       used 321403K, committed 325120K, reserved 1376256K
  class space    used 39513K, committed 41280K, reserved 1048576K
}
Event: 154.498 GC heap after
{Heap after GC invocations=135 (full 0):
 garbage-first heap   total 1499136K, used 970752K [0x0000000700000000, 0x0000000800000000)
  region size 2048K, 24 young (49152K), 24 survivors (49152K)
 Metaspace       used 321403K, committed 325120K, reserved 1376256K
  class space    used 39513K, committed 41280K, reserved 1048576K
}
Event: 155.796 GC heap before
{Heap before GC invocations=135 (full 0):
 garbage-first heap   total 1499136K, used 1318912K [0x0000000700000000, 0x0000000800000000)
  region size 2048K, 195 young (399360K), 24 survivors (49152K)
 Metaspace       used 325905K, committed 329600K, reserved 1376256K
  class space    used 39982K, committed 41728K, reserved 1048576K
}
Event: 155.848 GC heap after
{Heap after GC invocations=136 (full 0):
 garbage-first heap   total 1499136K, used 993280K [0x0000000700000000, 0x0000000800000000)
  region size 2048K, 25 young (51200K), 25 survivors (51200K)
 Metaspace       used 325905K, committed 329600K, reserved 1376256K
  class space    used 39982K, committed 41728K, reserved 1048576K
}
Event: 156.247 GC heap before
{Heap before GC invocations=136 (full 0):
 garbage-first heap   total 1499136K, used 1046528K [0x0000000700000000, 0x0000000800000000)
  region size 2048K, 52 young (106496K), 25 survivors (51200K)
 Metaspace       used 329015K, committed 332800K, reserved 1376256K
  class space    used 40385K, committed 42176K, reserved 1048576K
}
Event: 156.263 GC heap after
{Heap after GC invocations=137 (full 0):
 garbage-first heap   total 1499136K, used 1010688K [0x0000000700000000, 0x0000000800000000)
  region size 2048K, 7 young (14336K), 7 survivors (14336K)
 Metaspace       used 329015K, committed 332800K, reserved 1376256K
  class space    used 40385K, committed 42176K, reserved 1048576K
}
Event: 159.360 GC heap before
{Heap before GC invocations=138 (full 0):
 garbage-first heap   total 1581056K, used 1145856K [0x0000000700000000, 0x0000000800000000)
  region size 2048K, 105 young (215040K), 7 survivors (14336K)
 Metaspace       used 334978K, committed 338688K, reserved 1376256K
  class space    used 40861K, committed 42624K, reserved 1048576K
}
Event: 159.374 GC heap after
{Heap after GC invocations=139 (full 0):
 garbage-first heap   total 1581056K, used 960982K [0x0000000700000000, 0x0000000800000000)
  region size 2048K, 14 young (28672K), 14 survivors (28672K)
 Metaspace       used 334978K, committed 338688K, reserved 1376256K
  class space    used 40861K, committed 42624K, reserved 1048576K
}
Event: 172.346 GC heap before
{Heap before GC invocations=140 (full 0):
 garbage-first heap   total 1581056K, used 1360342K [0x0000000700000000, 0x0000000800000000)
  region size 2048K, 214 young (438272K), 14 survivors (28672K)
 Metaspace       used 339543K, committed 343360K, reserved 1376256K
  class space    used 41251K, committed 43072K, reserved 1048576K
}
Event: 172.369 GC heap after
{Heap after GC invocations=141 (full 0):
 garbage-first heap   total 1581056K, used 971602K [0x0000000700000000, 0x0000000800000000)
  region size 2048K, 24 young (49152K), 24 survivors (49152K)
 Metaspace       used 339543K, committed 343360K, reserved 1376256K
  class space    used 41251K, committed 43072K, reserved 1048576K
}

Dll operation events (18 events):
Event: 0.005 Loaded shared library G:\Eclipse Adoptium\jdk-21.0.10.7-hotspot\bin\java.dll
Event: 0.035 Loaded shared library G:\Eclipse Adoptium\jdk-21.0.10.7-hotspot\bin\jsvml.dll
Event: 0.055 Loaded shared library G:\Eclipse Adoptium\jdk-21.0.10.7-hotspot\bin\zip.dll
Event: 0.058 Loaded shared library G:\Eclipse Adoptium\jdk-21.0.10.7-hotspot\bin\instrument.dll
Event: 0.060 Loaded shared library G:\Eclipse Adoptium\jdk-21.0.10.7-hotspot\bin\net.dll
Event: 0.061 Loaded shared library G:\Eclipse Adoptium\jdk-21.0.10.7-hotspot\bin\nio.dll
Event: 0.063 Loaded shared library G:\Eclipse Adoptium\jdk-21.0.10.7-hotspot\bin\zip.dll
Event: 0.207 Loaded shared library G:\Eclipse Adoptium\jdk-21.0.10.7-hotspot\bin\jimage.dll
Event: 0.275 Loaded shared library G:\Eclipse Adoptium\jdk-21.0.10.7-hotspot\bin\verify.dll
Event: 0.323 Loaded shared library C:\Users\doluvor\.gradle\native\1def1411415f61bf3af743bc5b6707747c0891f09f0c88961ee8f79bc544acac\windows-amd64\native-platform.dll
Event: 0.329 Loaded shared library C:\Users\doluvor\.gradle\native\0.2.7\x86_64-windows-gnu\gradle-fileevents.dll
Event: 0.916 Loaded shared library G:\Eclipse Adoptium\jdk-21.0.10.7-hotspot\bin\management.dll
Event: 0.917 Loaded shared library G:\Eclipse Adoptium\jdk-21.0.10.7-hotspot\bin\management_ext.dll
Event: 0.987 Loaded shared library G:\Eclipse Adoptium\jdk-21.0.10.7-hotspot\bin\extnet.dll
Event: 1.134 Loaded shared library G:\Eclipse Adoptium\jdk-21.0.10.7-hotspot\bin\sunmscapi.dll
Event: 30.017 Loaded shared library G:\Eclipse Adoptium\jdk-21.0.10.7-hotspot\bin\rmi.dll
Event: 70.007 Loaded shared library G:\Eclipse Adoptium\jdk-21.0.10.7-hotspot\bin\awt.dll
Event: 155.857 Loaded shared library C:\Users\doluvor\AppData\Local\Temp\sqlite-3.41.2.2-0426af3c-63fd-4aa5-9194-91bfaeda7418-sqlitejdbc.dll

Deoptimization events (20 events):
Event: 173.444 Thread 0x000001d096122830 Uncommon trap: trap_request=0xffffffde fr.pc=0x000001d04373aa88 relative=0x00000000000016c8
Event: 173.444 Thread 0x000001d096122830 Uncommon trap: reason=class_check action=maybe_recompile pc=0x000001d04373aa88 method=org.gradle.api.internal.changedetection.state.PropertiesFileAwareClasspathResourceHasher.filter(Lorg/gradle/internal/fingerprint/hashing/ZipEntryContext;)Z @ 6 c2
Event: 173.444 Thread 0x000001d096122830 DEOPT PACKING pc=0x000001d04373aa88 sp=0x0000003d1cbfc0d0
Event: 173.444 Thread 0x000001d096122830 DEOPT UNPACKING pc=0x000001d041044422 sp=0x0000003d1cbfc038 mode 2
Event: 173.444 Thread 0x000001d096122830 Uncommon trap: trap_request=0xffffffde fr.pc=0x000001d04373aa24 relative=0x0000000000001664
Event: 173.444 Thread 0x000001d096122830 Uncommon trap: reason=class_check action=maybe_recompile pc=0x000001d04373aa24 method=org.gradle.api.internal.changedetection.state.MetaInfAwareClasspathResourceHasher.filter(Lorg/gradle/internal/fingerprint/hashing/ZipEntryContext;)Z @ 6 c2
Event: 173.444 Thread 0x000001d096122830 DEOPT PACKING pc=0x000001d04373aa24 sp=0x0000003d1cbfc300
Event: 173.444 Thread 0x000001d096122830 DEOPT UNPACKING pc=0x000001d041044422 sp=0x0000003d1cbfc268 mode 2
Event: 173.444 Thread 0x000001d096122830 Uncommon trap: trap_request=0xffffffde fr.pc=0x000001d04373aa88 relative=0x00000000000016c8
Event: 173.445 Thread 0x000001d096122830 Uncommon trap: reason=class_check action=maybe_recompile pc=0x000001d04373aa88 method=org.gradle.api.internal.changedetection.state.PropertiesFileAwareClasspathResourceHasher.filter(Lorg/gradle/internal/fingerprint/hashing/ZipEntryContext;)Z @ 6 c2
Event: 173.445 Thread 0x000001d096122830 DEOPT PACKING pc=0x000001d04373aa88 sp=0x0000003d1cbfc0d0
Event: 173.445 Thread 0x000001d096122830 DEOPT UNPACKING pc=0x000001d041044422 sp=0x0000003d1cbfc038 mode 2
Event: 173.445 Thread 0x000001d096122830 Uncommon trap: trap_request=0xffffffde fr.pc=0x000001d04373aa24 relative=0x0000000000001664
Event: 173.445 Thread 0x000001d096122830 Uncommon trap: reason=class_check action=maybe_recompile pc=0x000001d04373aa24 method=org.gradle.api.internal.changedetection.state.MetaInfAwareClasspathResourceHasher.filter(Lorg/gradle/internal/fingerprint/hashing/ZipEntryContext;)Z @ 6 c2
Event: 173.445 Thread 0x000001d096122830 DEOPT PACKING pc=0x000001d04373aa24 sp=0x0000003d1cbfc300
Event: 173.445 Thread 0x000001d096122830 DEOPT UNPACKING pc=0x000001d041044422 sp=0x0000003d1cbfc268 mode 2
Event: 173.445 Thread 0x000001d096122830 Uncommon trap: trap_request=0xffffffde fr.pc=0x000001d04373aa88 relative=0x00000000000016c8
Event: 173.445 Thread 0x000001d096122830 Uncommon trap: reason=class_check action=maybe_recompile pc=0x000001d04373aa88 method=org.gradle.api.internal.changedetection.state.PropertiesFileAwareClasspathResourceHasher.filter(Lorg/gradle/internal/fingerprint/hashing/ZipEntryContext;)Z @ 6 c2
Event: 173.445 Thread 0x000001d096122830 DEOPT PACKING pc=0x000001d04373aa88 sp=0x0000003d1cbfc0d0
Event: 173.445 Thread 0x000001d096122830 DEOPT UNPACKING pc=0x000001d041044422 sp=0x0000003d1cbfc038 mode 2

Classes loaded (20 events):
Event: 155.165 Loading class java/lang/SuppressWarnings
Event: 155.165 Loading class java/lang/SuppressWarnings done
Event: 155.166 Loading class java/lang/annotation/Repeatable
Event: 155.166 Loading class java/lang/annotation/Repeatable done
Event: 155.884 Loading class sun/util/locale/LocaleExtensions
Event: 155.885 Loading class sun/util/locale/LocaleExtensions done
Event: 155.885 Loading class sun/util/locale/UnicodeLocaleExtension
Event: 155.885 Loading class sun/util/locale/Extension
Event: 155.885 Loading class sun/util/locale/Extension done
Event: 155.885 Loading class sun/util/locale/UnicodeLocaleExtension done
Event: 156.641 Loading class java/util/Collections$UnmodifiableList$1
Event: 156.641 Loading class java/util/Collections$UnmodifiableList$1 done
Event: 156.725 Loading class java/text/FieldPosition$Delegate
Event: 156.726 Loading class java/text/FieldPosition$Delegate done
Event: 159.197 Loading class sun/nio/fs/WindowsFileAttributeViews$Dos
Event: 159.198 Loading class java/nio/file/attribute/DosFileAttributeView
Event: 159.198 Loading class java/nio/file/attribute/DosFileAttributeView done
Event: 159.198 Loading class sun/nio/fs/WindowsFileAttributeViews$Dos done
Event: 169.780 Loading class java/util/function/ToIntBiFunction
Event: 169.781 Loading class java/util/function/ToIntBiFunction done

Classes unloaded (20 events):
Event: 147.269 Thread 0x000001d05050d760 Unloading class 0x000001d054750000 'androidx/compose/runtime/lint/RememberInCompositionDetector'
Event: 147.269 Thread 0x000001d05050d760 Unloading class 0x000001d05474fa98 'androidx/compose/runtime/lint/FrequentlyChangingValueDetector$Companion'
Event: 147.269 Thread 0x000001d05050d760 Unloading class 0x000001d05474f578 'androidx/compose/runtime/lint/FrequentlyChangingValueDetector'
Event: 147.269 Thread 0x000001d05050d760 Unloading class 0x000001d05474f370 'androidx/compose/runtime/lint/CompositionLocalNamingDetector$Companion'
Event: 147.269 Thread 0x000001d05050d760 Unloading class 0x000001d05474ee50 'androidx/compose/runtime/lint/CompositionLocalNamingDetector'
Event: 147.269 Thread 0x000001d05050d760 Unloading class 0x000001d05474ec48 'androidx/compose/runtime/lint/ComposableStateFlowValueDetector$Companion'
Event: 147.269 Thread 0x000001d05050d760 Unloading class 0x000001d05474e728 'androidx/compose/runtime/lint/ComposableStateFlowValueDetector'
Event: 147.269 Thread 0x000001d05050d760 Unloading class 0x000001d05474e520 'androidx/compose/runtime/lint/ComposableNamingDetector$Companion'
Event: 147.269 Thread 0x000001d05050d760 Unloading class 0x000001d05474e000 'androidx/compose/runtime/lint/ComposableNamingDetector'
Event: 147.269 Thread 0x000001d05050d760 Unloading class 0x000001d05474dca8 'androidx/compose/runtime/lint/ComposableLambdaParameterDetector$Companion'
Event: 147.269 Thread 0x000001d05050d760 Unloading class 0x000001d05474d788 'androidx/compose/runtime/lint/ComposableLambdaParameterDetector'
Event: 147.269 Thread 0x000001d05050d760 Unloading class 0x000001d05474d580 'androidx/compose/runtime/lint/ComposableFlowOperatorDetector$Companion'
Event: 147.269 Thread 0x000001d05050d760 Unloading class 0x000001d05474d060 'androidx/compose/runtime/lint/ComposableFlowOperatorDetector'
Event: 147.269 Thread 0x000001d05050d760 Unloading class 0x000001d05474ce58 'androidx/compose/runtime/lint/ComposableCoroutineCreationDetector$Companion'
Event: 147.269 Thread 0x000001d05050d760 Unloading class 0x000001d05474c938 'androidx/compose/runtime/lint/ComposableCoroutineCreationDetector'
Event: 147.269 Thread 0x000001d05050d760 Unloading class 0x000001d05474c730 'androidx/compose/runtime/lint/AutoboxingStateCreationDetector$Companion'
Event: 147.269 Thread 0x000001d05050d760 Unloading class 0x000001d05474c208 'androidx/compose/runtime/lint/AutoboxingStateCreationDetector'
Event: 147.269 Thread 0x000001d05050d760 Unloading class 0x000001d05474c000 'androidx/compose/runtime/lint/AutoboxingStateValuePropertyDetector$Companion'
Event: 147.269 Thread 0x000001d05050d760 Unloading class 0x000001d054746268 'androidx/compose/runtime/lint/AutoboxingStateValuePropertyDetector'
Event: 147.269 Thread 0x000001d05050d760 Unloading class 0x000001d054746000 'androidx/compose/runtime/lint/RuntimeIssueRegistry'

Classes redefined (0 events):
No events

Internal exceptions (20 events):
Event: 169.810 Thread 0x000001d09611f3b0 Exception <a 'sun/nio/fs/WindowsException'{0x0000000751b87b58}> (0x0000000751b87b58) 
thrown [s\src\hotspot\share\prims\jni.cpp, line 520]
Event: 171.026 Thread 0x000001d09611f3b0 Exception <a 'sun/nio/fs/WindowsException'{0x000000074acbfae0}> (0x000000074acbfae0) 
thrown [s\src\hotspot\share\prims\jni.cpp, line 520]
Event: 171.028 Thread 0x000001d09b536220 Exception <a 'sun/nio/fs/WindowsException'{0x000000075b598b08}> (0x000000075b598b08) 
thrown [s\src\hotspot\share\prims\jni.cpp, line 520]
Event: 171.028 Thread 0x000001d09b536220 Exception <a 'sun/nio/fs/WindowsException'{0x000000075b598d08}> (0x000000075b598d08) 
thrown [s\src\hotspot\share\prims\jni.cpp, line 520]
Event: 171.028 Thread 0x000001d09b536220 Exception <a 'sun/nio/fs/WindowsException'{0x000000075b598ea8}> (0x000000075b598ea8) 
thrown [s\src\hotspot\share\prims\jni.cpp, line 520]
Event: 171.028 Thread 0x000001d09cb26d70 Exception <a 'sun/nio/fs/WindowsException'{0x000000074acd66b8}> (0x000000074acd66b8) 
thrown [s\src\hotspot\share\prims\jni.cpp, line 520]
Event: 171.032 Thread 0x000001d09cb26d70 Exception <a 'sun/nio/fs/WindowsException'{0x000000074acfbab0}> (0x000000074acfbab0) 
thrown [s\src\hotspot\share\prims\jni.cpp, line 520]
Event: 171.032 Thread 0x000001d09cb26d70 Exception <a 'sun/nio/fs/WindowsException'{0x000000074acfc980}> (0x000000074acfc980) 
thrown [s\src\hotspot\share\prims\jni.cpp, line 520]
Event: 171.032 Thread 0x000001d09cb26d70 Exception <a 'sun/nio/fs/WindowsException'{0x000000074acfcaf0}> (0x000000074acfcaf0) 
thrown [s\src\hotspot\share\prims\jni.cpp, line 520]
Event: 171.032 Thread 0x000001d09cb26d70 Exception <a 'sun/nio/fs/WindowsException'{0x000000074acfdc50}> (0x000000074acfdc50) 
thrown [s\src\hotspot\share\prims\jni.cpp, line 520]
Event: 171.034 Thread 0x000001d09cb26d70 Exception <a 'sun/nio/fs/WindowsException'{0x000000074ad0bd20}> (0x000000074ad0bd20) 
thrown [s\src\hotspot\share\prims\jni.cpp, line 520]
Event: 171.038 Thread 0x000001d09c484880 Exception <a 'sun/nio/fs/WindowsException'{0x000000075b201b08}> (0x000000075b201b08) 
thrown [s\src\hotspot\share\prims\jni.cpp, line 520]
Event: 171.049 Thread 0x000001d09cb21190 Exception <a 'sun/nio/fs/WindowsException'{0x000000074a8114f8}> (0x000000074a8114f8) 
thrown [s\src\hotspot\share\prims\jni.cpp, line 520]
Event: 171.051 Thread 0x000001d09c484880 Exception <a 'sun/nio/fs/WindowsException'{0x000000074a8eda30}> (0x000000074a8eda30) 
thrown [s\src\hotspot\share\prims\jni.cpp, line 520]
Event: 171.051 Thread 0x000001d09c484880 Exception <a 'sun/nio/fs/WindowsException'{0x000000074a8edc30}> (0x000000074a8edc30) 
thrown [s\src\hotspot\share\prims\jni.cpp, line 520]
Event: 171.051 Thread 0x000001d09c484880 Exception <a 'sun/nio/fs/WindowsException'{0x000000074a8eddd0}> (0x000000074a8eddd0) 
thrown [s\src\hotspot\share\prims\jni.cpp, line 520]
Event: 173.327 Thread 0x000001d096122830 Exception <a 'sun/nio/fs/WindowsException'{0x000000075a2f6828}> (0x000000075a2f6828) 
thrown [s\src\hotspot\share\prims\jni.cpp, line 520]
Event: 173.328 Thread 0x000001d096122830 Exception <a 'sun/nio/fs/WindowsException'{0x000000075a2f7b40}> (0x000000075a2f7b40) 
thrown [s\src\hotspot\share\prims\jni.cpp, line 520]
Event: 173.328 Thread 0x000001d096122830 Exception <a 'sun/nio/fs/WindowsException'{0x000000075a2f7fa8}> (0x000000075a2f7fa8) 
thrown [s\src\hotspot\share\prims\jni.cpp, line 520]
Event: 173.393 Thread 0x000001d096122830 Implicit null exception at 0x000001d041db4210 to 0x000001d041db4ac8

ZGC Phase Switch (0 events):
No events

VM Operations (20 events):
Event: 169.507 Executing non-safepoint VM operation: HandshakeAllThreads (Deoptimize)
Event: 169.507 Executing non-safepoint VM operation: HandshakeAllThreads (Deoptimize) done
Event: 169.657 Executing safepoint VM operation: ICBufferFull
Event: 169.657 Executing safepoint VM operation: ICBufferFull done
Event: 169.714 Executing safepoint VM operation: ICBufferFull
Event: 169.714 Executing safepoint VM operation: ICBufferFull done
Event: 169.789 Executing safepoint VM operation: ICBufferFull
Event: 169.789 Executing safepoint VM operation: ICBufferFull done
Event: 170.687 Executing safepoint VM operation: ICBufferFull
Event: 170.687 Executing safepoint VM operation: ICBufferFull done
Event: 171.642 Executing safepoint VM operation: ICBufferFull
Event: 171.642 Executing safepoint VM operation: ICBufferFull done
Event: 172.346 Executing safepoint VM operation: G1CollectForAllocation (G1 Evacuation Pause)
Event: 172.369 Executing safepoint VM operation: G1CollectForAllocation (G1 Evacuation Pause) done
Event: 173.383 Executing safepoint VM operation: Cleanup
Event: 173.383 Executing safepoint VM operation: Cleanup done
Event: 173.400 Executing non-safepoint VM operation: HandshakeAllThreads (Deoptimize)
Event: 173.400 Executing non-safepoint VM operation: HandshakeAllThreads (Deoptimize) done
Event: 173.405 Executing non-safepoint VM operation: HandshakeAllThreads (Deoptimize)
Event: 173.405 Executing non-safepoint VM operation: HandshakeAllThreads (Deoptimize) done

Memory protections (0 events):
No events

Nmethod flushes (20 events):
Event: 159.911 Thread 0x000001d05050d760 flushing  nmethod 0x000001d03e09aa90
Event: 159.911 Thread 0x000001d05050d760 flushing  nmethod 0x000001d03e09b090
Event: 159.911 Thread 0x000001d05050d760 flushing  nmethod 0x000001d03e09bf90
Event: 159.911 Thread 0x000001d05050d760 flushing  nmethod 0x000001d03e0c5b90
Event: 159.911 Thread 0x000001d05050d760 flushing  nmethod 0x000001d03e0cdf10
Event: 159.911 Thread 0x000001d05050d760 flushing  nmethod 0x000001d03e0db210
Event: 159.911 Thread 0x000001d05050d760 flushing  nmethod 0x000001d03e163a90
Event: 159.911 Thread 0x000001d05050d760 flushing  nmethod 0x000001d03e1bef10
Event: 159.911 Thread 0x000001d05050d760 flushing  nmethod 0x000001d03e1c3f90
Event: 159.911 Thread 0x000001d05050d760 flushing  nmethod 0x000001d03e273490
Event: 159.911 Thread 0x000001d05050d760 flushing  nmethod 0x000001d03e2f5190
Event: 159.911 Thread 0x000001d05050d760 flushing  nmethod 0x000001d03e2f7010
Event: 159.911 Thread 0x000001d05050d760 flushing  nmethod 0x000001d03e4c3490
Event: 159.911 Thread 0x000001d05050d760 flushing  nmethod 0x000001d03e4c3f90
Event: 159.911 Thread 0x000001d05050d760 flushing  nmethod 0x000001d03e4c4b10
Event: 159.911 Thread 0x000001d05050d760 flushing  nmethod 0x000001d03e4c6c90
Event: 159.911 Thread 0x000001d05050d760 flushing  nmethod 0x000001d03e4f0390
Event: 159.911 Thread 0x000001d05050d760 flushing  nmethod 0x000001d03ea78f90
Event: 159.911 Thread 0x000001d05050d760 flushing  nmethod 0x000001d03eae1f90
Event: 159.911 Thread 0x000001d05050d760 flushing  nmethod 0x000001d03eb9bb90

Events (20 events):
Event: 166.900 Thread 0x000001d050530af0 Thread added: 0x000001d0ad3b6c20
Event: 166.901 Thread 0x000001d050530af0 Thread added: 0x000001d0ad3b6550
Event: 167.100 Thread 0x000001d0ad3b6550 Thread exited: 0x000001d0ad3b6550
Event: 167.100 Thread 0x000001d0ad3b6c20 Thread exited: 0x000001d0ad3b6c20
Event: 167.129 Thread 0x000001d050530050 Thread added: 0x000001d0ad3b6c20
Event: 167.129 Thread 0x000001d050530050 Thread added: 0x000001d0ad3b6550
Event: 168.091 Thread 0x000001d0ad3b6550 Thread exited: 0x000001d0ad3b6550
Event: 168.218 Thread 0x000001d050530af0 Thread added: 0x000001d0ad98c9b0
Event: 168.395 Thread 0x000001d0ad98c9b0 Thread exited: 0x000001d0ad98c9b0
Event: 168.813 Thread 0x000001d050530af0 Thread added: 0x000001d0ad98d750
Event: 169.258 Thread 0x000001d0ad98d750 Thread exited: 0x000001d0ad98d750
Event: 169.419 Thread 0x000001d050530af0 Thread added: 0x000001d0c32bd0f0
Event: 172.344 Thread 0x000001d096138f10 Thread added: 0x000001d09d361f20
Event: 172.376 Thread 0x000001d0a3c8c400 Thread exited: 0x000001d0a3c8c400
Event: 172.787 Thread 0x000001d0c32bd0f0 Thread exited: 0x000001d0c32bd0f0
Event: 172.992 Thread 0x000001d0ad3b6c20 Thread exited: 0x000001d0ad3b6c20
Event: 173.328 Thread 0x000001d09cb22540 Thread added: 0x000001d0a5caa2d0
Event: 173.335 Thread 0x000001d09af59980 Thread added: 0x000001d0c2e62840
Event: 173.365 Thread 0x000001d050530af0 Thread added: 0x000001d0a5dec4a0
Event: 173.365 Thread 0x000001d050530af0 Thread added: 0x000001d0a5de94f0


Dynamic libraries:
0x00007ff633d90000 - 0x00007ff633d9e000 	G:\Eclipse Adoptium\jdk-21.0.10.7-hotspot\bin\java.exe
0x00007ffc17c90000 - 0x00007ffc17e88000 	C:\WINDOWS\SYSTEM32\ntdll.dll
0x00007ffc16b20000 - 0x00007ffc16be2000 	C:\WINDOWS\System32\KERNEL32.DLL
0x00007ffc15580000 - 0x00007ffc15876000 	C:\WINDOWS\System32\KERNELBASE.dll
0x00007ffc15b00000 - 0x00007ffc15c00000 	C:\WINDOWS\System32\ucrtbase.dll
0x00007ffbf7e60000 - 0x00007ffbf7e7e000 	G:\Eclipse Adoptium\jdk-21.0.10.7-hotspot\bin\VCRUNTIME140.dll
0x00007ffbf00b0000 - 0x00007ffbf00c8000 	G:\Eclipse Adoptium\jdk-21.0.10.7-hotspot\bin\jli.dll
0x00007ffc179a0000 - 0x00007ffc17b41000 	C:\WINDOWS\System32\USER32.dll
0x00007ffc072a0000 - 0x00007ffc0753b000 	C:\WINDOWS\WinSxS\amd64_microsoft.windows.common-controls_6595b64144ccf1df_6.0.19041.6456_none_60b8a6cb71f64256\COMCTL32.dll
0x00007ffc15c00000 - 0x00007ffc15c22000 	C:\WINDOWS\System32\win32u.dll
0x00007ffc15f90000 - 0x00007ffc1602e000 	C:\WINDOWS\System32\msvcrt.dll
0x00007ffc16130000 - 0x00007ffc1615b000 	C:\WINDOWS\System32\GDI32.dll
0x00007ffc15880000 - 0x00007ffc15999000 	C:\WINDOWS\System32\gdi32full.dll
0x00007ffc15460000 - 0x00007ffc154fd000 	C:\WINDOWS\System32\msvcp_win.dll
0x00007ffc17b70000 - 0x00007ffc17b9f000 	C:\WINDOWS\System32\IMM32.DLL
0x00007ffc124a0000 - 0x00007ffc124ac000 	G:\Eclipse Adoptium\jdk-21.0.10.7-hotspot\bin\vcruntime140_1.dll
0x00007ffbe2b60000 - 0x00007ffbe2bed000 	G:\Eclipse Adoptium\jdk-21.0.10.7-hotspot\bin\msvcp140.dll
0x00007ffb92400000 - 0x00007ffb931a1000 	G:\Eclipse Adoptium\jdk-21.0.10.7-hotspot\bin\server\jvm.dll
0x00007ffc16d70000 - 0x00007ffc16e21000 	C:\WINDOWS\System32\ADVAPI32.dll
0x00007ffc16030000 - 0x00007ffc160cf000 	C:\WINDOWS\System32\sechost.dll
0x00007ffc172a0000 - 0x00007ffc173c0000 	C:\WINDOWS\System32\RPCRT4.dll
0x00007ffc15500000 - 0x00007ffc15527000 	C:\WINDOWS\System32\bcrypt.dll
0x00007ffc15e60000 - 0x00007ffc15ecb000 	C:\WINDOWS\System32\WS2_32.dll
0x00007ffc14870000 - 0x00007ffc148bb000 	C:\WINDOWS\SYSTEM32\POWRPROF.dll
0x00007ffc13250000 - 0x00007ffc1325a000 	C:\WINDOWS\SYSTEM32\VERSION.dll
0x00007ffc0a800000 - 0x00007ffc0a827000 	C:\WINDOWS\SYSTEM32\WINMM.dll
0x00007ffc146e0000 - 0x00007ffc146f2000 	C:\WINDOWS\SYSTEM32\UMPDC.dll
0x00007ffc13b10000 - 0x00007ffc13b22000 	C:\WINDOWS\SYSTEM32\kernel.appcore.dll
0x00007ffc06b60000 - 0x00007ffc06b6a000 	G:\Eclipse Adoptium\jdk-21.0.10.7-hotspot\bin\jimage.dll
0x00007ffc0d520000 - 0x00007ffc0d721000 	C:\WINDOWS\SYSTEM32\DBGHELP.DLL
0x00007ffc0d430000 - 0x00007ffc0d464000 	C:\WINDOWS\SYSTEM32\dbgcore.DLL
0x00007ffc15320000 - 0x00007ffc153a2000 	C:\WINDOWS\System32\bcryptPrimitives.dll
0x00007ffbef570000 - 0x00007ffbef57f000 	G:\Eclipse Adoptium\jdk-21.0.10.7-hotspot\bin\instrument.dll
0x00007ffbef420000 - 0x00007ffbef440000 	G:\Eclipse Adoptium\jdk-21.0.10.7-hotspot\bin\java.dll
0x00007ffc163b0000 - 0x00007ffc16b20000 	C:\WINDOWS\System32\SHELL32.dll
0x00007ffc13350000 - 0x00007ffc13af5000 	C:\WINDOWS\SYSTEM32\windows.storage.dll
0x00007ffc17440000 - 0x00007ffc17794000 	C:\WINDOWS\System32\combase.dll
0x00007ffc14c70000 - 0x00007ffc14c9b000 	C:\WINDOWS\SYSTEM32\Wldp.dll
0x00007ffc16bf0000 - 0x00007ffc16cbd000 	C:\WINDOWS\System32\OLEAUT32.dll
0x00007ffc17ba0000 - 0x00007ffc17c4d000 	C:\WINDOWS\System32\SHCORE.dll
0x00007ffc15f30000 - 0x00007ffc15f8b000 	C:\WINDOWS\System32\shlwapi.dll
0x00007ffc15250000 - 0x00007ffc15274000 	C:\WINDOWS\SYSTEM32\profapi.dll
0x00007ffbdcc00000 - 0x00007ffbdccd7000 	G:\Eclipse Adoptium\jdk-21.0.10.7-hotspot\bin\jsvml.dll
0x00007ffbee830000 - 0x00007ffbee848000 	G:\Eclipse Adoptium\jdk-21.0.10.7-hotspot\bin\zip.dll
0x00007ffc05e10000 - 0x00007ffc05e20000 	G:\Eclipse Adoptium\jdk-21.0.10.7-hotspot\bin\net.dll
0x00007ffc0f6f0000 - 0x00007ffc0f7fa000 	C:\WINDOWS\SYSTEM32\WINHTTP.dll
0x00007ffc14a50000 - 0x00007ffc14aba000 	C:\WINDOWS\system32\mswsock.dll
0x00007ffbef0c0000 - 0x00007ffbef0d6000 	G:\Eclipse Adoptium\jdk-21.0.10.7-hotspot\bin\nio.dll
0x00007ffc05d50000 - 0x00007ffc05d60000 	G:\Eclipse Adoptium\jdk-21.0.10.7-hotspot\bin\verify.dll
0x00007ffbef110000 - 0x00007ffbef137000 	C:\Users\doluvor\.gradle\native\1def1411415f61bf3af743bc5b6707747c0891f09f0c88961ee8f79bc544acac\windows-amd64\native-platform.dll
0x00007ffbdd100000 - 0x00007ffbdd178000 	C:\Users\doluvor\.gradle\native\0.2.7\x86_64-windows-gnu\gradle-fileevents.dll
0x00007ffc05d10000 - 0x00007ffc05d1a000 	G:\Eclipse Adoptium\jdk-21.0.10.7-hotspot\bin\management.dll
0x00007ffbf7ff0000 - 0x00007ffbf7ffc000 	G:\Eclipse Adoptium\jdk-21.0.10.7-hotspot\bin\management_ext.dll
0x00007ffc17b50000 - 0x00007ffc17b58000 	C:\WINDOWS\System32\PSAPI.DLL
0x00007ffc14700000 - 0x00007ffc1473b000 	C:\WINDOWS\SYSTEM32\IPHLPAPI.DLL
0x00007ffc17b60000 - 0x00007ffc17b68000 	C:\WINDOWS\System32\NSI.dll
0x00007ffbf1700000 - 0x00007ffbf1709000 	G:\Eclipse Adoptium\jdk-21.0.10.7-hotspot\bin\extnet.dll
0x00007ffc14cb0000 - 0x00007ffc14cc8000 	C:\WINDOWS\SYSTEM32\CRYPTSP.dll
0x00007ffc14320000 - 0x00007ffc14358000 	C:\WINDOWS\system32\rsaenh.dll
0x00007ffc15210000 - 0x00007ffc1523e000 	C:\WINDOWS\SYSTEM32\USERENV.dll
0x00007ffc14be0000 - 0x00007ffc14bec000 	C:\WINDOWS\SYSTEM32\CRYPTBASE.dll
0x00007ffbef500000 - 0x00007ffbef50e000 	G:\Eclipse Adoptium\jdk-21.0.10.7-hotspot\bin\sunmscapi.dll
0x00007ffc159a0000 - 0x00007ffc15afd000 	C:\WINDOWS\System32\CRYPT32.dll
0x00007ffc14d30000 - 0x00007ffc14d57000 	C:\WINDOWS\SYSTEM32\ncrypt.dll
0x00007ffc14cf0000 - 0x00007ffc14d2b000 	C:\WINDOWS\SYSTEM32\NTASN1.dll
0x00007ffc124d0000 - 0x00007ffc124d7000 	C:\WINDOWS\system32\wshunix.dll
0x00007ffbf5040000 - 0x00007ffbf5057000 	C:\WINDOWS\system32\napinsp.dll
0x00007ffbf5020000 - 0x00007ffbf503b000 	C:\WINDOWS\system32\pnrpnsp.dll
0x00007ffbf51e0000 - 0x00007ffbf51fd000 	C:\WINDOWS\system32\wshbth.dll
0x00007ffc0fe30000 - 0x00007ffc0fe4d000 	C:\WINDOWS\system32\NLAapi.dll
0x00007ffc14740000 - 0x00007ffc1480a000 	C:\WINDOWS\SYSTEM32\DNSAPI.dll
0x00007ffbf5190000 - 0x00007ffbf51a2000 	C:\WINDOWS\System32\winrnr.dll
0x00007ffc0e360000 - 0x00007ffc0e36a000 	C:\Windows\System32\rasadhlp.dll
0x00007ffc0f370000 - 0x00007ffc0f3f0000 	C:\WINDOWS\System32\fwpuclnt.dll
0x00007ffbef350000 - 0x00007ffbef357000 	G:\Eclipse Adoptium\jdk-21.0.10.7-hotspot\bin\rmi.dll
0x00007ffc14570000 - 0x00007ffc145a3000 	C:\WINDOWS\SYSTEM32\ntmarta.dll
0x00007ffba7380000 - 0x00007ffba750f000 	G:\Eclipse Adoptium\jdk-21.0.10.7-hotspot\bin\awt.dll
0x00007ffc121c0000 - 0x00007ffc12254000 	C:\WINDOWS\SYSTEM32\apphelp.dll
0x00007ffc128f0000 - 0x00007ffc1298e000 	C:\WINDOWS\system32\uxtheme.dll
0x00007ffc177a0000 - 0x00007ffc178b5000 	C:\WINDOWS\System32\MSCTF.dll
0x00007ffc16280000 - 0x00007ffc163ab000 	C:\WINDOWS\System32\ole32.dll
0x00007ffbe22a0000 - 0x00007ffbe2389000 	C:\Users\doluvor\AppData\Local\Temp\sqlite-3.41.2.2-0426af3c-63fd-4aa5-9194-91bfaeda7418-sqlitejdbc.dll

JVMTI agents:
C:\Users\doluvor\.gradle\wrapper\dists\gradle-8.14.3-bin\cv11ve7ro1n3o1j4so8xd9n66\gradle-8.14.3\lib\agents\gradle-instrumentation-agent-8.14.3.jar path:G:\Eclipse Adoptium\jdk-21.0.10.7-hotspot\bin\instrument.dll, loaded, initialized, instrumentlib options:none

dbghelp: loaded successfully - version: 4.0.5 - missing functions: none
symbol engine: initialized successfully - sym options: 0x614 - pdb path: .;G:\Eclipse Adoptium\jdk-21.0.10.7-hotspot\bin;C:\WINDOWS\SYSTEM32;C:\WINDOWS\WinSxS\amd64_microsoft.windows.common-controls_6595b64144ccf1df_6.0.19041.6456_none_60b8a6cb71f64256;G:\Eclipse Adoptium\jdk-21.0.10.7-hotspot\bin\server;C:\Users\doluvor\.gradle\native\1def1411415f61bf3af743bc5b6707747c0891f09f0c88961ee8f79bc544acac\windows-amd64;C:\Users\doluvor\.gradle\native\0.2.7\x86_64-windows-gnu;C:\Users\doluvor\AppData\Local\Temp

VM Arguments:
jvm_args: --add-opens=java.base/java.lang=ALL-UNNAMED --add-opens=java.base/java.lang.invoke=ALL-UNNAMED --add-opens=java.base/java.util=ALL-UNNAMED --add-opens=java.prefs/java.util.prefs=ALL-UNNAMED --add-exports=jdk.compiler/com.sun.tools.javac.api=ALL-UNNAMED --add-exports=jdk.compiler/com.sun.tools.javac.util=ALL-UNNAMED --add-opens=java.base/java.util=ALL-UNNAMED --add-opens=java.prefs/java.util.prefs=ALL-UNNAMED --add-opens=java.base/java.nio.charset=ALL-UNNAMED --add-opens=java.base/java.net=ALL-UNNAMED --add-opens=java.base/java.util.concurrent.atomic=ALL-UNNAMED --add-opens=java.xml/javax.xml.namespace=ALL-UNNAMED -Xmx4096m -Dfile.encoding=UTF-8 -Duser.country=JP -Duser.language=ja -Duser.variant -javaagent:C:\Users\doluvor\.gradle\wrapper\dists\gradle-8.14.3-bin\cv11ve7ro1n3o1j4so8xd9n66\gradle-8.14.3\lib\agents\gradle-instrumentation-agent-8.14.3.jar 
java_command: org.gradle.launcher.daemon.bootstrap.GradleDaemon 8.14.3
java_class_path (initial): C:\Users\doluvor\.gradle\wrapper\dists\gradle-8.14.3-bin\cv11ve7ro1n3o1j4so8xd9n66\gradle-8.14.3\lib\gradle-daemon-main-8.14.3.jar
Launcher Type: SUN_STANDARD

[Global flags]
     intx CICompilerCount                          = 4                                         {product} {ergonomic}
     uint ConcGCThreads                            = 2                                         {product} {ergonomic}
     uint G1ConcRefinementThreads                  = 8                                         {product} {ergonomic}
   size_t G1HeapRegionSize                         = 2097152                                   {product} {ergonomic}
    uintx GCDrainStackTargetSize                   = 64                                        {product} {ergonomic}
   size_t InitialHeapSize                          = 534773760                                 {product} {ergonomic}
   size_t MarkStackSize                            = 4194304                                   {product} {ergonomic}
   size_t MaxHeapSize                              = 4294967296                                {product} {command line}
   size_t MaxNewSize                               = 2575302656                                {product} {ergonomic}
   size_t MinHeapDeltaBytes                        = 2097152                                   {product} {ergonomic}
   size_t MinHeapSize                              = 8388608                                   {product} {ergonomic}
    uintx NonNMethodCodeHeapSize                   = 5839372                                {pd product} {ergonomic}
    uintx NonProfiledCodeHeapSize                  = 122909434                              {pd product} {ergonomic}
    uintx ProfiledCodeHeapSize                     = 122909434                              {pd product} {ergonomic}
    uintx ReservedCodeCacheSize                    = 251658240                              {pd product} {ergonomic}
     bool SegmentedCodeCache                       = true                                      {product} {ergonomic}
   size_t SoftMaxHeapSize                          = 4294967296                             {manageable} {ergonomic}
     bool UseCompressedOops                        = true                           {product lp64_product} {ergonomic}
     bool UseG1GC                                  = true                                      {product} {ergonomic}
     bool UseLargePagesIndividualAllocation        = false                                  {pd product} {ergonomic}

Logging:
Log output configuration:
 #0: stdout all=warning uptime,level,tags foldmultilines=false
 #1: stderr all=off uptime,level,tags foldmultilines=false

Release file:
IMPLEMENTOR="Eclipse Adoptium" 
IMPLEMENTOR_VERSION="Temurin-21.0.10+7" 
JAVA_RUNTIME_VERSION="21.0.10+7-LTS" 
JAVA_VERSION="21.0.10" 
JAVA_VERSION_DATE="2026-01-20" 
LIBC="default" 
MODULES="java.base java.compiler java.datatransfer java.xml java.prefs java.desktop java.instrument java.logging java.management java.security.sasl java.naming java.rmi java.management.rmi java.net.http java.scripting java.security.jgss java.transaction.xa java.sql java.sql.rowset java.xml.crypto java.se java.smartcardio jdk.accessibility jdk.internal.jvmstat jdk.attach jdk.charsets jdk.internal.opt jdk.zipfs jdk.compiler jdk.crypto.ec jdk.crypto.cryptoki jdk.crypto.mscapi jdk.dynalink jdk.internal.ed jdk.editpad jdk.hotspot.agent jdk.httpserver jdk.incubator.vector jdk.internal.le jdk.internal.vm.ci jdk.internal.vm.compiler jdk.internal.vm.compiler.management jdk.jartool jdk.javadoc jdk.jcmd jdk.management jdk.management.agent jdk.jconsole jdk.jdeps jdk.jdwp.agent jdk.jdi jdk.jfr jdk.jlink jdk.jpackage jdk.jshell jdk.jsobject jdk.jstatd jdk.localedata jdk.management.jfr jdk.naming.dns jdk.naming.rmi jdk.net jdk.nio.mapmode jdk.random jdk.sctp jdk.security.auth jdk.security.jgss jdk.unsupported jdk.unsupported.desktop jdk.xml.dom" 
OS_ARCH="x86_64" 
OS_NAME="Windows" 
SOURCE=".:git:a633eafe0fcc" 
BUILD_SOURCE="git:458965074606f027bd5afce2cfd5c1055dea0438"
BUILD_SOURCE_REPO="https://github.com/adoptium/temurin-build.git"
SOURCE_REPO="https://github.com/adoptium/jdk21u.git"
FULL_VERSION="21.0.10+7-LTS"
SEMANTIC_VERSION="21.0.10+7"
BUILD_INFO="OS: Windows Server 2022 Version: 10.0"
JVM_VARIANT="Hotspot"
JVM_VERSION="21.0.10+7-LTS"
IMAGE_TYPE="JDK"

Environment Variables:
JAVA_HOME=G:\Eclipse Adoptium\jdk-21.0.10.7-hotspot\
CLASSPATH=G:\Project\bv\\gradle\wrapper\gradle-wrapper.jar
PATH=E:\miniconda3;E:\miniconda3\Library\mingw-w64\bin;E:\miniconda3\Library\usr\bin;E:\miniconda3\Library\bin;E:\miniconda3\Scripts;E:\miniconda3\bin;E:\miniconda3\condabin;G:\Eclipse Adoptium\jdk-21.0.10.7-hotspot\bin;E:\CUDAToolkit\bin\x64;E:\CUDAToolkit\bin;C:\WINDOWS\system32;C:\WINDOWS;C:\WINDOWS\System32\Wbem;C:\WINDOWS\System32\WindowsPowerShell\v1.0;C:\WINDOWS\System32\OpenSSH;C:\Program Files\Git\cmd;C:\Program Files (x86)\Windows Kits\10\bin\10.0.20348.0\x64;C:\Program Files\dotnet;d:\JPKI;C:\Program Files (x86)\NVIDIA Corporation\PhysX\Common;C:\Program Files\NVIDIA Corporation\NVIDIA app\NvDLISR;C:\Program Files\Docker\Docker\resources\bin;E:\Amazon\AWSCLIV2;E:\Amazon\AWSSAMCLI\bin;E:\nodejs;C:\Users\doluvor\.local\bin;E:\sox-14-4-2;C:\Program Files\NVIDIA Corporation\Nsight Compute 2025.4.1;C:\Users\doluvor\scoop\shims;C:\Users\doluvor\AppData\Local\Microsoft\WindowsApps;C:\Users\doluvor\AppData\Local\Programs\Microsoft VS Code\bin;C:\Users\doluvor\AppData\Local\Programs\Ollama;E:\Amazon\AWSCLIV2;E:\miniconda3\envs\onetrainer\Scripts;C:\Users\doluvor\AppData\Roaming\npm;C:\Users\doluvor\.local\bin;E:\sox-14-4-2;.
USERNAME=doluvor
OS=Windows_NT
PROCESSOR_IDENTIFIER=Intel64 Family 6 Model 151 Stepping 5, GenuineIntel
TMP=C:\Users\doluvor\AppData\Local\Temp
TEMP=C:\Users\doluvor\AppData\Local\Temp




Periodic native trim disabled

---------------  S Y S T E M  ---------------

OS:
 Windows 10 , 64 bit Build 19041 (10.0.19041.5915)
OS uptime: 42 days 0:17 hours
Hyper-V role detected

CPU: total 8 (initial active 8) (4 cores per cpu, 2 threads per core) family 6 model 151 stepping 5 microcode 0x18, cx8, cmov, fxsr, ht, mmx, 3dnowpref, sse, sse2, sse3, ssse3, sse4.1, sse4.2, popcnt, lzcnt, tsc, tscinvbit, avx, avx2, aes, erms, clmul, bmi1, bmi2, adx, sha, fma, vzeroupper, clflush, clflushopt, clwb, hv, rdtscp, rdpid, fsrm, f16c, cet_ibt, cet_ss
Processor Information for the first 8 processors :
  Max Mhz: 3300, Current Mhz: 3300, Mhz Limit: 3300

Memory: 4k page, system-wide physical 32578M (2218M free)
TotalPageFile size 64578M (AvailPageFile size 5M)
current process WorkingSet (physical memory assigned to process): 2408M, peak: 2412M
current process commit charge ("private bytes"): 2448M, peak: 2452M

vm_info: OpenJDK 64-Bit Server VM (21.0.10+7-LTS) for windows-amd64 JRE (21.0.10+7-LTS), built on 2026-01-20T00:00:00Z by "admin" with MS VC++ 17.12 (VS2022)

END.
